name,SW,HMM,HD,HMM_corrected
VC_0001,n/a,D,0,D
VC_0002,NE,NE,0,NE
VC_0003,NE,NE,0,NE
VC_0004,E,E,1,E
VC_0005,NE,NE,0,NE
VC_0006,D,E,1,E
VC_0007,n/a,E,1,E
VC_0008,NE,NE,0,NE
VC_0009,NE,NE,0,NE
VC_0010,NE,NE,0,NE
VC_0011,n/a,NE,0,NE
VC_0012,D,E,1,E
VC_0013,E,E,1,E
VC_0014,NE,NE,0,NE
VC_0015,D,E,1,E
VC_0016,NE,NE,0,NE
VC_0017,n/a,NE,0,NE
VC_0018,NE,NE,0,NE
VC_0019,NE,NE,0,NE
VC_0020,E,E,1,E
VC_0021,E,E,1,E
VC_0022,NE,NE,0,NE
VC_0023,NE,NE,0,NE
VC_0024,E,E,1,E
VC_0025,n/a,NE,0,NE
VC_0026,NE,NE,0,NE
VC_0027,NE,NE,0,NE
VC_0028,NE,NE,0,NE
VC_0029,NE,NE,0,NE
VC_0030,NE,NE,0,NE
VC_0031,NE,NE,0,NE
VC_0032,NE,NE,0,NE
VC_0033,NE,NE,0,NE
VC_0034,NE,NE,0,NE
VC_0035,NE,NE,0,NE
VC_0036,NE,NE,0,NE
VC_0037,NE,NE,0,NE
VC_0038,n/a,NE,0,NE
VC_0039,D,D,0,D
VC_0040,NE,NE,0,NE
VC_0041,NE,NE,0,NE
VC_0042,NE,NE,0,NE
VC_0043,E,E,1,E
VC_0044,NE,NE,0,NE
VC_0045,E,E,1,E
VC_0046,NE,NE,0,NE
VC_0047,NE,NE,0,NE
VC_0048,NE,NE,0,NE
VC_0049,NE,NE,0,NE
VC_0050,NE,NE,0,NE
VC_0051,NE,NE,0,NE
VC_0052,NE,NE,0,NE
VC_0053,n/a,NE,1,NE
VC_0054,NE,NE,0,NE
VC_0055,D,S,1,S
VC_0056,NE,NE,0,NE
VC_0057,NE,NE,0,NE
VC_0058,NE,NE,0,NE
VC_0059,n/a,S,1,S
VC_0060,NE,S,0,S
VC_0061,NE,NE,0,NE
VC_0062,NE,NE,0,NE
VC_0063,NE,NE,0,NE
VC_0064,NE,NE,0,NE
VC_0065,NE,NE,0,NE
VC_0066,NE,NE,0,NE
VC_0067,NE,NE,0,NE
VC_0068,NE,NE,0,NE
VC_0069,NE,NE,0,NE
VC_0070,NE,NE,0,NE
VC_0071,NE,NE,0,NE
VC_0072,NE,NE,0,NE
VC_0073,NE,NE,0,NE
VC_0074,NE,NE,0,NE
VC_0075,NE,NE,0,NE
VC_0076,NE,NE,0,NE
VC_0077,n/a,NE,0,NE
VC_0078,NE,NE,0,NE
VC_0079,NE,NE,0,NE
VC_0080,NE,NE,0,NE
VC_0081,NE,NE,0,NE
VC_0082,NE,NE,0,NE
VC_0083,D,E,1,E
VC_0084,D,E,1,E
VC_0085,D,E,1,E
VC_0086,NE,NE,0,NE
VC_0087,NE,NE,0,NE
VC_0088,NE,NE,0,NE
VC_0089,NE,NE,0,NE
VC_0090,NE,NE,0,NE
VC_0091,NE,NE,0,NE
VC_0092,NE,NE,0,NE
VC_0093,NE,NE,0,NE
VC_0094,D,S,0,S
VC_0095,NE,NE,0,NE
VC_0096,n/a,NE,0,NE
VC_0097,NE,NE,0,NE
VC_0098,NE,NE,0,NE
VC_0099,NE,NE,0,NE
VC_0100,NE,NE,0,NE
VC_0101,n/a,NE,0,NE
VC_0102,n/a,NE,0,NE
VC_0103,NE,NE,0,NE
VC_0104,n/a,NE,0,NE
VC_0105,E,E,1,E
VC_0106,NE,NE,0,NE
VC_0107,n/a,NE,1,NE
VC_0108,D,E,1,E
VC_0109,n/a,NE,0,NE
VC_0110,n/a,NE,0,NE
VC_0111,E,E,1,E
VC_0112,NE,NE,0,NE
VC_0113,NE,NE,0,NE
VC_0114,NE,NE,0,NE
VC_0115,NE,NE,0,NE
VC_0116,NE,NE,0,NE
VC_0117,NE,NE,0,NE
VC_0118,NE,NE,0,NE
VC_0119,D,D,1,D
VC_0120,D,E,1,E
VC_0121,n/a,NE,0,NE
VC_0122,NE,NE,0,NE
VC_0123,NE,NE,0,NE
VC_0124,n/a,NE,0,NE
VC_0125,NE,NE,0,NE
VC_0126,NE,E,1,E
VC_0127,NE,NE,0,NE
VC_0128,NE,NE,0,NE
VC_0129,NE,NE,0,NE
VC_0130,NE,NE,0,NE
VC_0131,NE,NE,0,NE
VC_0132,NE,NE,0,NE
VC_0133,n/a,NE,0,NE
VC_0134,NE,NE,0,NE
VC_0135,NE,NE,0,NE
VC_0136,NE,NE,0,NE
VC_0137,NE,NE,0,NE
VC_0138,n/a,NE,0,NE
VC_0139,NE,NE,0,NE
VC_0140,NE,NE,0,NE
VC_0141,n/a,NE,0,NE
VC_0142,NE,NE,0,NE
VC_0143,E,S,1,S
VC_0144,NE,NE,0,NE
VC_0145,NE,NE,0,NE
VC_0146,NE,NE,0,NE
VC_0147,E,E,1,E
VC_0148,NE,NE,0,NE
VC_0149,NE,NE,0,NE
VC_0150,E,E,1,E
VC_0151,NE,NE,0,NE
VC_0152,NE,NE,0,NE
VC_0153,NE,NE,0,NE
VC_0154,NE,NE,0,NE
VC_0156,NE,NE,0,NE
VC_0157,NE,NE,0,NE
VC_0158,E,E,1,E
VC_0159,NE,NE,0,NE
VC_0160,Duplicated Gene,,,Duplicated Gene
VC_0161,NE,NE,0,NE
VC_0162,NE,NE,0,NE
VC_0163,n/a,NE,1,NE
VC_0164,NE,NE,0,NE
VC_0165,NE,NE,0,NE
VC_0166,NE,NE,0,NE
VC_0167,E,E,1,E
VC_0168,NE,NE,0,NE
VC_0169,n/a,S,0,S
VC_0170,NE,NE,0,NE
VC_0171,NE,NE,0,NE
VC_0172,NE,NE,0,NE
VC_0173,NE,NE,0,NE
VC_0174,NE,NE,0,NE
VC_0175,D,NE,0,NE
VC_0176,NE,NE,0,NE
VC_0177,NE,NE,0,NE
VC_0178,NE,NE,0,NE
VC_0179,NE,NE,0,NE
VC_0180,NE,NE,0,NE
VC_0181,NE,NE,0,NE
VC_0182,NE,NE,0,NE
VC_0183,D,S,0,S
VC_0184,NE,NE,0,NE
VC_0185,NE,NE,0,NE
VC_0186,NE,NE,0,NE
VC_0187,NE,NE,0,NE
VC_0188,NE,NE,0,NE
VC_0189,n/a,NE,0,NE
VC_0190,NE,NE,0,NE
VC_0191,NE,NE,0,NE
VC_0192,NE,NE,0,NE
VC_0193,n/a,NE,1,NE
VC_0194,NE,NE,0,NE
VC_0195,NE,NE,0,NE
VC_0196,NE,NE,0,NE
VC_0197,NE,NE,0,NE
VC_0198,NE,NE,0,NE
VC_0199,NE,NE,0,NE
VC_0200,NE,NE,0,NE
VC_0201,NE,NE,0,NE
VC_0202,NE,NE,0,NE
VC_0203,NE,NE,0,NE
VC_0204,NE,NE,0,NE
VC_0205,n/a,S,1,S
VC_0206,NE,NE,0,NE
VC_0207,NE,NE,0,NE
VC_0208,NE,NE,0,NE
VC_0209,NE,NE,0,NE
VC_0210,NE,NE,0,NE
VC_0211,NE,NE,0,NE
VC_0212,NE,NE,0,NE
VC_0213,E,E,1,E
VC_0214,NE,NE,0,NE
VC_0215,E,E,1,E
VC_0216,NE,NE,0,NE
VC_0217,NE,NE,0,NE
VC_0218,E,E,1,E
VC_0219,n/a,E,1,E
VC_0220,NE,NE,0,NE
VC_0221,NE,NE,0,NE
VC_0222,E,E,1,E
VC_0223,NE,NE,0,NE
VC_0224,NE,NE,0,NE
VC_0225,NE,NE,0,NE
VC_0226,n/a,NE,0,NE
VC_0227,E,E,1,E
VC_0228,D,S,1,S
VC_0229,D,NE,0,NE
VC_0230,NE,NE,0,NE
VC_0231,NE,NE,0,NE
VC_0232,NE,NE,0,NE
VC_0233,D,E,1,E
VC_0234,NE,NE,0,NE
VC_0235,NE,NE,0,NE
VC_0236,NE,NE,0,NE
VC_0237,D,S,0,S
VC_0238,D,S,1,S
VC_0239,NE,NE,0,NE
VC_0240,NE,NE,0,NE
VC_0241,NE,NE,0,NE
VC_0242,D,NE,0,NE
VC_0243,NE,NE,0,NE
VC_0244,NE,NE,0,NE
VC_0245,D,S,0,S
VC_0246,D,S,1,S
VC_0247,D,S,1,S
VC_0248,E,S,1,S
VC_0249,D,NE,0,NE
VC_0250,NE,NE,0,NE
VC_0251,D,NE,0,NE
VC_0252,NE,NE,0,NE
VC_0253,n/a,NE,0,NE
VC_0254,NE,NE,0,NE
VC_0255,n/a,E,1,E
VC_0256,Duplicated Gene,,,Duplicated Gene
VC_0257,Duplicated Gene,,,Duplicated Gene
VC_0258,D,S,1,S
VC_0259,D,S,1,S
VC_0260,NE,NE,0,NE
VC_0261,n/a,NE,0,NE
VC_0262,NE,NE,0,NE
VC_0263,NE,NE,0,NE
VC_0264,NE,NE,0,NE
VC_0265,NE,NE,0,NE
VC_0266,NE,NE,0,NE
VC_0267,NE,NE,0,NE
VC_0268,NE,NE,0,NE
VC_0269,NE,NE,0,NE
VC_0270,NE,NE,0,NE
VC_0271,NE,NE,0,NE
VC_0272,n/a,NE,0,NE
VC_0273,NE,NE,0,NE
VC_0274,NE,NE,0,NE
VC_0275,NE,NE,0,NE
VC_0276,NE,NE,0,NE
VC_0277,NE,NE,0,NE
VC_0278,NE,NE,0,NE
VC_0279,n/a,E,1,E
VC_0280,NE,NE,0,NE
VC_0281,NE,NE,0,NE
VC_0282,NE,NE,0,NE
VC_0283,NE,NE,0,NE
VC_0284,NE,NE,0,NE
VC_0285,NE,NE,0,NE
VC_0286,NE,NE,0,NE
VC_0287,NE,NE,0,NE
VC_0288,NE,NE,0,NE
VC_0289,NE,NE,0,NE
VC_0290,NE,NE,0,NE
VC_0291,NE,NE,0,NE
VC_0292,n/a,NE,0,NE
VC_0293,NE,NE,0,NE
VC_0294,n/a,NE,0,NE
VC_0295,D,E,1,E
VC_0296,D,D,1,D
VC_0297,NE,NE,0,NE
VC_0298,NE,NE,0,NE
VC_0299,NE,NE,0,NE
VC_0300,NE,NE,0,NE
VC_0301,n/a,NE,0,NE
VC_0302,NE,NE,0,NE
VC_0303,NE,NE,0,NE
VC_0304,NE,NE,0,NE
VC_0305,NE,NE,0,NE
VC_0306,NE,NE,0,NE
VC_0307,D,E,1,E
VC_0308,NE,NE,0,NE
VC_0309,D,S,1,S
VC_0311,NE,NE,0,NE
VC_0312,NE,NE,0,NE
VC_0313,n/a,S,1,S
VC_0314,Duplicated Gene,,,Duplicated Gene
VC_0315,E,E,1,E
VC_0316,n/a,NE,0,NE
VC_0317,NE,NE,0,NE
VC_0318,E,E,1,E
VC_0319,E,E,1,E
VC_0320,D,D,1,D
VC_0321,Duplicated Gene,,,Duplicated Gene
VC_0322,E,S,1,S
VC_0323,D,S,1,S
VC_0324,E,E,1,E
VC_0325,E,E,1,E
VC_0326,E,E,1,E
VC_0327,E,E,1,E
VC_0328,E,E,1,E
VC_0329,D,E,1,E
VC_0330,NE,NE,0,NE
VC_0331,NE,NE,0,NE
VC_0332,D,E,1,E
VC_0333,NE,NE,0,NE
VC_0334,NE,NE,0,NE
VC_0335,NE,NE,0,NE
VC_0336,E,E,1,E
VC_0337,NE,NE,0,NE
VC_0338,NE,NE,0,NE
VC_0339,E,E,1,E
VC_0340,D,E,1,E
VC_0341,E,E,1,E
VC_0342,NE,NE,0,NE
VC_0343,D,D,1,D
VC_0344,D,D,1,D
VC_0345,NE,NE,0,NE
VC_0346,NE,NE,0,NE
VC_0347,NE,NE,0,NE
VC_0348,NE,NE,0,NE
VC_0349,NE,NE,0,NE
VC_0350,NE,NE,0,NE
VC_0351,n/a,NE,0,NE
VC_0352,n/a,NE,0,NE
VC_0353,NE,NE,0,NE
VC_0354,NE,NE,0,NE
VC_0355,NE,NE,0,NE
VC_0356,E,E,1,E
VC_0357,E,E,1,E
VC_0358,E,E,1,E
VC_0359,E,E,1,E
VC_0360,E,E,1,E
VC_0361,D,E,1,E
VC_0362,Duplicated Gene,,,Duplicated Gene
VC_0363,n/a,NE,0,NE
VC_0364,n/a,NE,0,NE
VC_0365,NE,NE,0,NE
VC_0366,D,E,1,E
VC_0367,E,E,1,E
VC_0368,E,E,1,E
VC_0369,E,S,1,S
VC_0370,NE,NE,0,NE
VC_0371,E,E,1,E
VC_0372,E,E,1,E
VC_0373,NE,NE,0,NE
VC_0374,NE,NE,0,NE
VC_0375,n/a,NE,0,NE
VC_0376,NE,NE,0,NE
VC_0377,NE,NE,0,NE
VC_0378,NE,NE,0,NE
VC_0379,NE,NE,0,NE
VC_0380,n/a,NE,1,NE
VC_0380.1,n/a,NE,0,NE
VC_0381,NE,NE,0,NE
VC_0382,n/a,NE,0,NE
VC_0383,NE,NE,0,NE
VC_0384,NE,NE,0,NE
VC_0385,NE,NE,0,NE
VC_0386,NE,NE,0,NE
VC_0387,Duplicated Gene,,,Duplicated Gene
VC_0388,Duplicated Gene,,,Duplicated Gene
VC_0389,NE,NE,0,NE
VC_0390,NE,NE,0,NE
VC_0391,NE,NE,0,NE
VC_0392,NE,NE,0,NE
VC_0393,NE,NE,0,NE
VC_0394,NE,NE,0,NE
VC_0395,NE,NE,0,NE
VC_0396,NE,NE,0,NE
VC_0397,D,E,1,E
VC_0398,D,NE,0,NE
VC_0399,NE,NE,0,NE
VC_0400,NE,NE,0,NE
VC_0401,NE,NE,0,NE
VC_0402,NE,NE,0,NE
VC_0403,NE,NE,0,NE
VC_0404,NE,NE,0,NE
VC_0405,NE,NE,0,NE
VC_0406,NE,NE,0,NE
VC_0407,NE,NE,0,NE
VC_0408,NE,NE,0,NE
VC_0409,NE,NE,0,NE
VC_0410,NE,NE,0,NE
VC_0411,NE,NE,0,NE
VC_0412,NE,NE,0,NE
VC_0413,NE,NE,0,NE
VC_0414,NE,NE,0,NE
VC_0415,D,E,1,E
VC_0416,D,E,1,E
VC_0417,D,E,1,E
VC_0418,NE,NE,0,NE
VC_0419,NE,NE,0,NE
VC_0420,NE,NE,0,NE
VC_0421,NE,NE,0,NE
VC_0422,NE,NE,0,NE
VC_0423,NE,NE,0,NE
VC_0424,NE,NE,0,NE
VC_0425,NE,NE,0,NE
VC_0426,NE,NE,0,NE
VC_0427,n/a,NE,0,NE
VC_0428,NE,NE,0,NE
VC_0429,NE,NE,0,NE
VC_0430,NE,NE,0,NE
VC_0431,NE,NE,0,NE
VC_0432,NE,NE,0,NE
VC_0433,NE,NE,0,NE
VC_0434,D,E,1,E
VC_0435,E,E,1,E
VC_0436,E,E,1,E
VC_0437,D,D,1,D
VC_0438,NE,NE,0,NE
VC_0439,NE,NE,0,NE
VC_0440,E,E,1,E
VC_0441,NE,NE,0,NE
VC_0442,NE,NE,0,NE
VC_0443,D,E,1,E
VC_0444,D,E,1,E
VC_0445,D,E,1,E
VC_0446,E,E,1,E
VC_0447,NE,NE,0,NE
VC_0448,n/a,S,0,S
VC_0449,NE,NE,0,NE
VC_0450,NE,NE,0,NE
VC_0451,NE,NE,0,NE
VC_0452,NE,NE,0,NE
VC_0453,NE,NE,0,NE
VC_0454,NE,NE,0,NE
VC_0455,NE,NE,0,NE
VC_0456,NE,NE,0,NE
VC_0457,NE,NE,0,NE
VC_0458,NE,NE,0,NE
VC_0459,NE,NE,0,NE
VC_0460,NE,NE,0,NE
VC_0461,NE,NE,0,NE
VC_0462,NE,NE,0,NE
VC_0463,NE,NE,0,NE
VC_0464,NE,NE,0,NE
VC_0465,NE,NE,0,NE
VC_0466,n/a,E,1,E
VC_0467,NE,NE,0,NE
VC_0468,NE,NE,0,NE
VC_0469,NE,NE,0,NE
VC_0470,NE,NE,0,NE
VC_0471,NE,NE,0,NE
VC_0472,D,E,1,E
VC_0473,D,NE,0,NE
VC_0474,NE,NE,0,NE
VC_0475,NE,NE,0,NE
VC_0476,NE,NE,0,NE
VC_0477,D,E,1,E
VC_0478,E,E,1,E
VC_0479,n/a,S,1,S
VC_0480,D,NE,0,NE
VC_0481,NE,NE,0,NE
VC_0482,NE,NE,0,NE
VC_0483,NE,NE,0,NE
VC_0484,n/a,NE,0,NE
VC_0485,NE,NE,0,NE
VC_0486,NE,NE,0,NE
VC_0487,D,E,1,E
VC_0488,NE,NE,0,NE
VC_0489,NE,NE,0,NE
VC_0490,D,S,0,S
VC_0491,D,S,0,S
VC_0492,NE,NE,0,NE
VC_0493,NE,NE,0,NE
VC_0494,NE,NE,0,NE
VC_0495,NE,NE,0,NE
VC_0496,NE,NE,0,NE
VC_0497,n/a,NE,0,NE
VC_0498,NE,NE,0,NE
VC_0499,NE,NE,0,NE
VC_0500,NE,NE,0,NE
VC_0501,NE,NE,0,NE
VC_0502,NE,NE,0,NE
VC_0503,NE,NE,0,NE
VC_0504,NE,NE,0,NE
VC_0505,NE,NE,0,NE
VC_0506,NE,NE,0,NE
VC_0507,n/a,NE,1,NE
VC_0508,NE,NE,0,NE
VC_0509,NE,NE,0,NE
VC_0510,NE,NE,0,NE
VC_0511,Absent Gene,,,Absent Gene
VC_0512,Absent Gene,,,Absent Gene
VC_0513,Absent Gene,,,Absent Gene
VC_0514,Absent Gene,,,Absent Gene
VC_0515,Absent Gene,,,Absent Gene
VC_0516,D,D,0,D
VC_0517,E,E,1,E
VC_0518,E,E,1,E
VC_0519,NE,E,0,E
VC_0520,n/a,E,1,E
VC_0521,E,E,1,E
VC_0522,NE,NE,0,NE
VC_0523,NE,NE,0,NE
VC_0524,n/a,E,1,E
VC_0525,NE,NE,0,NE
VC_0526,NE,NE,0,NE
VC_0527,E,E,1,E
VC_0528,E,E,1,E
VC_0529,D,E,1,E
VC_0530,NE,NE,0,NE
VC_0531,NE,NE,0,NE
VC_0532,NE,NE,0,NE
VC_0533,NE,NE,0,NE
VC_0534,NE,NE,0,NE
VC_0535,NE,NE,0,NE
VC_0536,n/a,NE,0,NE
VC_0537,NE,NE,0,NE
VC_0538,NE,NE,0,NE
VC_0539,NE,NE,0,NE
VC_0540,NE,NE,0,NE
VC_0541,NE,NE,0,NE
VC_0542,NE,NE,0,NE
VC_0543,NE,NE,0,NE
VC_0544,NE,NE,0,NE
VC_0545,E,E,1,E
VC_0546,n/a,NE,0,NE
VC_0547,NE,NE,0,NE
VC_0548,n/a,D,1,D
VC_0549,NE,NE,0,NE
VC_0550,NE,NE,0,NE
VC_0551,NE,NE,0,NE
VC_0552,NE,NE,0,NE
VC_0553,NE,NE,0,NE
VC_0554,NE,NE,0,NE
VC_0555,n/a,NE,0,NE
VC_0556,NE,NE,0,NE
VC_0557,NE,NE,0,NE
VC_0558,NE,NE,0,NE
VC_0559,NE,NE,0,NE
VC_0560,E,E,1,E
VC_0561,E,E,1,E
VC_0562,E,E,1,E
VC_0563,n/a,E,1,E
VC_0564,E,E,1,E
VC_0565,D,S,1,S
VC_0566,NE,NE,0,NE
VC_0567,NE,NE,0,NE
VC_0568,NE,NE,0,NE
VC_0569,n/a,S,0,S
VC_0570,E,E,1,E
VC_0571,E,E,1,E
VC_0572,n/a,S,0,S
VC_0573,NE,NE,0,NE
VC_0574,NE,NE,0,NE
VC_0575,NE,NE,0,NE
VC_0576,D,NE,0,NE
VC_0577,NE,NE,0,NE
VC_0578,D,NE,0,NE
VC_0579,NE,NE,0,NE
VC_0580,NE,NE,0,NE
VC_0581,NE,NE,0,NE
VC_0582,NE,NE,0,NE
VC_0583,NE,NE,0,NE
VC_0584,n/a,NE,0,NE
VC_0585,NE,NE,0,NE
VC_0586,NE,NE,0,NE
VC_0587,NE,NE,0,NE
VC_0588,n/a,NE,0,NE
VC_0589,NE,NE,0,NE
VC_0590,NE,NE,0,NE
VC_0591,E,E,1,E
VC_0592,D,E,1,E
VC_0593,E,E,1,E
VC_0594,NE,NE,0,NE
VC_0595,NE,NE,0,NE
VC_0596,NE,NE,0,NE
VC_0597,NE,NE,0,NE
VC_0598,n/a,NE,0,NE
VC_0599,n/a,NE,0,NE
VC_0600,NE,NE,0,NE
VC_0601,NE,NE,0,NE
VC_0602,NE,NE,0,NE
VC_0603,NE,NE,0,NE
VC_0604,NE,NE,0,NE
VC_0605,NE,NE,0,NE
VC_0606,NE,NE,0,NE
VC_0607,NE,NE,0,NE
VC_0608,NE,NE,0,NE
VC_0609,NE,NE,0,NE
VC_0610,NE,NE,0,NE
VC_0611,NE,NE,0,NE
VC_0612,NE,NE,0,NE
VC_0613,NE,NE,0,NE
VC_0614,NE,NE,0,NE
VC_0615,NE,NE,0,NE
VC_0616,NE,NE,0,NE
VC_0617,NE,NE,0,NE
VC_0618,NE,NE,0,NE
VC_0619,NE,NE,0,NE
VC_0620,NE,NE,0,NE
VC_0621,NE,NE,0,NE
VC_0622,NE,NE,0,NE
VC_0623,NE,NE,0,NE
VC_0624,NE,NE,0,NE
VC_0625,n/a,NE,0,NE
VC_0626,D,E,1,E
VC_0627,E,E,1,E
VC_0628,NE,NE,0,NE
VC_0629,NE,NE,0,NE
VC_0630,NE,NE,0,NE
VC_0631,E,E,1,E
VC_0632,D,NE,0,NE
VC_0633,D,NE,0,NE
VC_0634,NE,NE,0,NE
VC_0635,NE,NE,0,NE
VC_0636,NE,NE,0,NE
VC_0637,E,E,1,E
VC_0638,E,E,1,E
VC_0639,E,E,1,E
VC_0640,D,NE,1,NE
VC_0641,D,E,1,E
VC_0642,D,D,1,D
VC_0643,D,E,1,E
VC_0644,D,D,1,D
VC_0645,NE,NE,0,NE
VC_0646,E,D,1,D
VC_0647,NE,S,0,S
VC_0648,D,NE,0,NE
VC_0649,NE,D,1,D
VC_0650,NE,NE,0,NE
VC_0651,NE,NE,0,NE
VC_0652,NE,NE,0,NE
VC_0653,NE,NE,0,NE
VC_0654,NE,NE,0,NE
VC_0655,NE,NE,0,NE
VC_0656,NE,NE,0,NE
VC_0657,NE,NE,0,NE
VC_0658,NE,NE,0,NE
VC_0659,NE,NE,0,NE
VC_0660,NE,NE,0,NE
VC_0661,NE,NE,0,NE
VC_0662,NE,NE,0,NE
VC_0663,E,E,1,E
VC_0664,E,E,1,E
VC_0665,NE,NE,0,NE
VC_0666,NE,NE,0,NE
VC_0667,NE,NE,0,NE
VC_0668,NE,NE,0,NE
VC_0669,n/a,S,1,S
VC_0670,n/a,S,0,S
VC_0671,D,S,0,S
VC_0672,NE,NE,0,NE
VC_0673,NE,NE,0,NE
VC_0674,E,E,1,E
VC_0675,E,E,1,E
VC_0676,NE,NE,0,NE
VC_0677,NE,NE,0,NE
VC_0678,NE,NE,0,NE
VC_0679,E,E,1,E
VC_0680,E,E,1,E
VC_0681,E,E,1,E
VC_0682,E,E,1,E
VC_0683,E,E,1,E
VC_0684,NE,NE,0,NE
VC_0685,D,E,1,E
VC_0686,n/a,NE,0,NE
VC_0687,NE,NE,0,NE
VC_0688,NE,NE,0,NE
VC_0689,NE,NE,0,NE
VC_0690,NE,NE,0,NE
VC_0691,NE,NE,0,NE
VC_0692,NE,NE,0,NE
VC_0693,NE,NE,0,NE
VC_0694,NE,NE,0,NE
VC_0695,NE,NE,0,NE
VC_0696,NE,NE,0,NE
VC_0697,NE,NE,0,NE
VC_0698,NE,NE,0,NE
VC_0699,n/a,NE,0,NE
VC_0700,D,NE,0,NE
VC_0701,NE,NE,0,NE
VC_0702,NE,NE,0,NE
VC_0703,NE,NE,0,NE
VC_0704,NE,NE,0,NE
VC_0705,NE,NE,0,NE
VC_0706,NE,NE,0,NE
VC_0707,n/a,NE,0,NE
VC_0708,E,D,1,D
VC_0709,NE,NE,0,NE
VC_0710,NE,NE,0,NE
VC_0711,NE,NE,0,NE
VC_0712,Duplicated Gene,,,Duplicated Gene
VC_0713,Duplicated Gene,,,Duplicated Gene
VC_0714,NE,NE,0,NE
VC_0715,NE,NE,0,NE
VC_0716,NE,NE,0,NE
VC_0717,NE,NE,0,NE
VC_0718,NE,NE,0,NE
VC_0719,NE,NE,0,NE
VC_0720,NE,NE,0,NE
VC_0721,NE,NE,0,NE
VC_0722,NE,NE,0,NE
VC_0723,NE,NE,0,NE
VC_0724,NE,NE,0,NE
VC_0725,D,NE,0,NE
VC_0726,NE,NE,0,NE
VC_0727,NE,NE,0,NE
VC_0728,NE,NE,0,NE
VC_0729,n/a,NE,0,NE
VC_0730,NE,NE,0,NE
VC_0731,D,D,1,D
VC_0732,NE,NE,0,NE
VC_0733,n/a,S,1,S
VC_0734,NE,NE,0,NE
VC_0735,n/a,NE,0,NE
VC_0736,NE,NE,0,NE
VC_0737,NE,NE,0,NE
VC_0738,n/a,NE,0,NE
VC_0739,NE,NE,0,NE
VC_0740,NE,NE,0,NE
VC_0741,NE,NE,0,NE
VC_0742,NE,NE,0,NE
VC_0743,NE,NE,0,NE
VC_0744,NE,NE,0,NE
VC_0745,NE,NE,0,NE
VC_0746,NE,NE,0,NE
VC_0747,NE,NE,0,NE
VC_0748,E,E,1,E
VC_0749,E,E,1,E
VC_0750,n/a,E,1,E
VC_0751,E,E,1,E
VC_0752,D,D,1,D
VC_0753,D,S,1,S
VC_0754,n/a,S,1,S
VC_0755,NE,NE,0,NE
VC_0756,NE,NE,0,NE
VC_0757,NE,NE,0,NE
VC_0758,D,D,1,D
VC_0759,E,E,1,E
VC_0760,D,E,1,E
VC_0761,NE,NE,0,NE
VC_0762,D,S,1,S
VC_0763,E,E,1,E
VC_0764,NE,NE,0,NE
VC_0765,NE,NE,0,NE
VC_0766,NE,NE,0,NE
VC_0767,NE,NE,0,NE
VC_0768,NE,NE,0,NE
VC_0769,NE,NE,0,NE
VC_0770,NE,NE,0,NE
VC_0771,NE,NE,0,NE
VC_0772,NE,NE,0,NE
VC_0773,NE,NE,0,NE
VC_0774,NE,NE,0,NE
VC_0775,D,NE,0,NE
VC_0776,NE,NE,0,NE
VC_0777,NE,NE,0,NE
VC_0778,NE,NE,0,NE
VC_0779,NE,NE,0,NE
VC_0780,NE,NE,0,NE
VC_0781,NE,NE,0,NE
VC_0782,n/a,NE,0,NE
VC_0783,NE,NE,0,NE
VC_0784,NE,NE,0,NE
VC_0785,n/a,E,1,E
VC_0786,NE,NE,0,NE
VC_0787,NE,NE,0,NE
VC_0788,NE,NE,0,NE
VC_0789,NE,NE,0,NE
VC_0790,NE,NE,0,NE
VC_0791,D,NE,0,NE
VC_0792,NE,NE,0,NE
VC_0793,NE,NE,0,NE
VC_0794,NE,NE,0,NE
VC_0795,NE,NE,0,NE
VC_0796,D,S,1,S
VC_0797,NE,NE,0,NE
VC_0798,NE,NE,0,NE
VC_0799,NE,NE,0,NE
VC_0800,NE,NE,0,NE
VC_0801,NE,NE,0,NE
VC_0802,NE,NE,0,NE
VC_0803,NE,NE,0,NE
VC_0804,NE,NE,0,NE
VC_0805,n/a,NE,0,NE
VC_0806,NE,NE,0,NE
VC_0807,NE,NE,0,NE
VC_0808,n/a,NE,0,NE
VC_0809,NE,NE,0,NE
VC_0810,D,S,1,S
VC_0811,E,S,1,S
VC_0812,NE,NE,0,NE
VC_0813,NE,NE,0,NE
VC_0814,D,S,0,S
VC_0815,NE,NE,0,NE
VC_0816,n/a,NE,0,NE
VC_0817,NE,NE,0,NE
VC_0818,NE,NE,0,NE
VC_0819,D,D,1,D
VC_0820,D,D,1,D
VC_0821,E,E,1,E
VC_0822,D,D,1,D
VC_0823,D,S,1,S
VC_0824,NE,NE,0,NE
VC_0825,NE,NE,0,NE
VC_0826,NE,NE,0,NE
VC_0827,NE,NE,0,NE
VC_0828,NE,NE,0,NE
VC_0829,D,S,0,S
VC_0830,NE,S,0,S
VC_0831,D,S,0,S
VC_0832,E,E,1,E
VC_0833,E,E,1,E
VC_0834,E,E,1,E
VC_0835,D,S,1,S
VC_0836,D,S,1,S
VC_0837,D,S,0,S
VC_0838,E,E,1,E
VC_0839,D,D,1,D
VC_0840,D,S,1,S
VC_0841,NE,S,0,S
VC_0842,E,E,1,E
VC_0843,D,D,0,D
VC_0844,E,E,1,E
VC_0845,D,D,0,D
VC_0846,NE,NE,0,NE
VC_0847,NE,NE,0,NE
VC_0848,NE,NE,0,NE
VC_0849,n/a,E,1,E
VC_0850,E,E,1,E
VC_0851,NE,NE,0,NE
VC_0852,NE,NE,0,NE
VC_0853,E,E,1,E
VC_0854,n/a,E,1,E
VC_0855,E,E,1,E
VC_0856,D,E,1,E
VC_0857,NE,NE,0,NE
VC_0858,NE,NE,0,NE
VC_0859,NE,NE,0,NE
VC_0860,D,S,0,S
VC_0861,NE,NE,0,NE
VC_0862,NE,NE,0,NE
VC_0863,D,NE,0,NE
VC_0864,D,D,1,D
VC_0865,n/a,NE,0,NE
VC_0866,NE,NE,0,NE
VC_0867,n/a,NE,0,NE
VC_0868,n/a,NE,0,NE
VC_0869,NE,NE,0,NE
VC_0870,D,D,1,D
VC_0871,n/a,NE,0,NE
VC_0872,n/a,NE,0,NE
VC_0873,NE,NE,0,NE
VC_0874,n/a,NE,0,NE
VC_0875,E,E,1,E
VC_0876,NE,NE,0,NE
VC_0877,n/a,S,1,S
VC_0878,NE,NE,0,NE
VC_0879,n/a,NE,0,NE
VC_0880,NE,NE,0,NE
VC_0881,NE,NE,0,NE
VC_0882,NE,NE,0,NE
VC_0883,n/a,NE,1,NE
VC_0884,NE,NE,0,NE
VC_0885,NE,NE,0,NE
VC_0886,NE,NE,0,NE
VC_0887,NE,NE,0,NE
VC_0888,NE,NE,0,NE
VC_0889,D,E,1,E
VC_0890,E,E,1,E
VC_0891,NE,NE,0,NE
VC_0892,NE,NE,0,NE
VC_0893,NE,NE,0,NE
VC_0894,NE,NE,0,NE
VC_0895,n/a,NE,0,NE
VC_0896,NE,NE,0,NE
VC_0897,NE,NE,0,NE
VC_0898,NE,NE,0,NE
VC_0899,NE,NE,0,NE
VC_0900,NE,NE,0,NE
VC_0901,D,NE,0,NE
VC_0902,NE,NE,0,NE
VC_0903,NE,NE,0,NE
VC_0904,NE,NE,0,NE
VC_0905,NE,NE,0,NE
VC_0906,NE,NE,0,NE
VC_0907,NE,NE,0,NE
VC_0908,NE,NE,0,NE
VC_0909,NE,NE,0,NE
VC_0910,NE,NE,0,NE
VC_0911,D,S,0,S
VC_0912,n/a,S,0,S
VC_0913,NE,NE,0,NE
VC_0914,NE,NE,0,NE
VC_0915,n/a,NE,0,NE
VC_0916,NE,NE,0,NE
VC_0917,NE,NE,0,NE
VC_0918,NE,NE,0,NE
VC_0919,NE,NE,0,NE
VC_0920,NE,NE,0,NE
VC_0921,D,S,0,S
VC_0922,NE,NE,0,NE
VC_0923,NE,NE,0,NE
VC_0924,NE,NE,0,NE
VC_0925,NE,NE,0,NE
VC_0926,NE,NE,0,NE
VC_0927,NE,NE,0,NE
VC_0928,D,S,0,S
VC_0929,D,S,1,S
VC_0930,NE,NE,0,NE
VC_0931,NE,NE,0,NE
VC_0932,NE,NE,0,NE
VC_0933,NE,NE,0,NE
VC_0934,NE,NE,0,NE
VC_0935,D,NE,0,NE
VC_0936,NE,NE,0,NE
VC_0937,D,NE,0,NE
VC_0938,NE,NE,0,NE
VC_0939,NE,NE,0,NE
VC_0940,NE,NE,0,NE
VC_0941,D,S,1,S
VC_0942,NE,NE,0,NE
VC_0943,D,S,1,S
VC_0944,D,S,0,S
VC_0945,E,E,1,E
VC_0946,n/a,NE,0,NE
VC_0947,D,E,1,E
VC_0948,NE,NE,0,NE
VC_0949,E,E,1,E
VC_0950,D,E,1,E
VC_0951,NE,NE,0,NE
VC_0952,NE,NE,0,NE
VC_0953,E,E,1,E
VC_0954,E,E,1,E
VC_0955,n/a,NE,0,NE
VC_0956,E,E,1,E
VC_0957,NE,NE,0,NE
VC_0958,NE,NE,0,NE
VC_0959,NE,NE,0,NE
VC_0960,NE,S,1,S
VC_0961,NE,S,0,S
VC_0962,NE,NE,0,NE
VC_0963,D,S,1,S
VC_0964,NE,NE,0,NE
VC_0965,NE,NE,0,NE
VC_0966,NE,NE,0,NE
VC_0967,n/a,NE,0,NE
VC_0968,NE,NE,0,NE
VC_0969,D,NE,0,NE
VC_0970,D,S,1,S
VC_0971,E,E,1,E
VC_0972,NE,NE,0,NE
VC_0973,NE,NE,0,NE
VC_0974,NE,NE,0,NE
VC_0975,D,NE,0,NE
VC_0976,NE,NE,0,NE
VC_0977,D,NE,0,NE
VC_0978,n/a,NE,0,NE
VC_0979,NE,NE,0,NE
VC_0980,NE,NE,0,NE
VC_0981,NE,NE,0,NE
VC_0982,NE,NE,0,NE
VC_0983,NE,NE,0,NE
VC_0984,NE,NE,0,NE
VC_0985,NE,NE,0,NE
VC_0986,E,E,1,E
VC_0987,E,E,1,E
VC_0988,NE,NE,0,NE
VC_0989,n/a,NE,0,NE
VC_0990,NE,NE,0,NE
VC_0991,NE,NE,0,NE
VC_0992,NE,NE,0,NE
VC_0993,NE,NE,0,NE
VC_0994,NE,NE,0,NE
VC_0995,NE,NE,0,NE
VC_0996,n/a,NE,1,NE
VC_0997,D,E,1,E
VC_0998,NE,NE,0,NE
VC_0999,NE,NE,0,NE
VC_1000,D,E,1,E
VC_1001,E,E,1,E
VC_1002,NE,NE,0,NE
VC_1003,NE,NE,0,NE
VC_1004,NE,NE,0,NE
VC_1005,NE,NE,0,NE
VC_1006,NE,NE,0,NE
VC_1007,n/a,NE,0,NE
VC_1008,D,NE,0,NE
VC_1009,NE,NE,0,NE
VC_1010,NE,NE,0,NE
VC_1011,NE,NE,0,NE
VC_1012,D,D,1,D
VC_1013,E,E,1,E
VC_1014,E,E,1,E
VC_1015,D,D,1,D
VC_1016,D,D,1,D
VC_1017,D,E,1,E
VC_1018,NE,NE,0,NE
VC_1020,n/a,NE,0,NE
VC_1021,NE,NE,0,NE
VC_1022,NE,NE,0,NE
VC_1023,NE,NE,0,NE
VC_1024,NE,NE,0,NE
VC_1025,NE,NE,0,NE
VC_1026,NE,NE,0,NE
VC_1027,NE,NE,0,NE
VC_1028,NE,NE,0,NE
VC_1029,NE,NE,0,NE
VC_1030,n/a,NE,1,NE
VC_1031,NE,NE,0,NE
VC_1032,n/a,NE,0,NE
VC_1033,NE,NE,0,NE
VC_1034,NE,NE,0,NE
VC_1035,NE,NE,0,NE
VC_1036,D,E,1,E
VC_1037,NE,NE,0,NE
VC_1038,NE,NE,0,NE
VC_1039,NE,NE,0,NE
VC_1040,NE,NE,0,NE
VC_1041,NE,NE,0,NE
VC_1042,NE,NE,0,NE
VC_1043,NE,NE,0,NE
VC_1044,NE,NE,0,NE
VC_1045,NE,NE,0,NE
VC_1046,NE,NE,0,NE
VC_1047,NE,NE,0,NE
VC_1048,NE,NE,0,NE
VC_1049,NE,NE,0,NE
VC_1050,NE,NE,0,NE
VC_1051,n/a,NE,0,NE
VC_1052,NE,NE,0,NE
VC_1053,NE,NE,0,NE
VC_1054,E,E,1,E
VC_1055,NE,NE,1,NE
VC_1056,NE,NE,0,NE
VC_1057,NE,NE,0,NE
VC_1058,NE,NE,0,NE
VC_1059,NE,NE,0,NE
VC_1060,D,NE,0,NE
VC_1061,NE,NE,0,NE
VC_1062,NE,NE,0,NE
VC_1063,NE,NE,0,NE
VC_1064,NE,NE,0,NE
VC_1065,NE,NE,0,NE
VC_1066,NE,NE,0,NE
VC_1067,NE,NE,0,NE
VC_1068,NE,S,0,S
VC_1069,NE,NE,0,NE
VC_1070,NE,NE,0,NE
VC_1071,NE,NE,0,NE
VC_1072,n/a,E,1,E
VC_1073,D,NE,0,NE
VC_1074,NE,NE,0,NE
VC_1075,NE,NE,0,NE
VC_1076,NE,NE,0,NE
VC_1077,NE,NE,0,NE
VC_1078,n/a,NE,0,NE
VC_1079,NE,NE,0,NE
VC_1080,NE,NE,0,NE
VC_1081,NE,NE,0,NE
VC_1082,NE,NE,0,NE
VC_1083,NE,NE,0,NE
VC_1084,NE,NE,0,NE
VC_1085,NE,NE,0,NE
VC_1086,NE,NE,0,NE
VC_1087,NE,NE,0,NE
VC_1088,NE,NE,0,NE
VC_1089,NE,NE,0,NE
VC_1090,n/a,NE,0,NE
VC_1091,NE,NE,0,NE
VC_1092,NE,NE,0,NE
VC_1093,NE,NE,0,NE
VC_1094,NE,NE,0,NE
VC_1095,NE,NE,0,NE
VC_1096,NE,NE,0,NE
VC_1097,NE,NE,0,NE
VC_1098,NE,NE,0,NE
VC_1099,NE,NE,0,NE
VC_1100,NE,NE,0,NE
VC_1101,NE,NE,0,NE
VC_1102,NE,NE,0,NE
VC_1103,NE,NE,0,NE
VC_1104,NE,NE,0,NE
VC_1105,NE,NE,0,NE
VC_1106,NE,NE,0,NE
VC_1107,D,E,1,E
VC_1108,NE,NE,0,NE
VC_1109,n/a,NE,0,NE
VC_1110,E,E,1,E
VC_1111,NE,NE,0,NE
VC_1112,NE,NE,0,NE
VC_1113,NE,NE,0,NE
VC_1114,NE,NE,0,NE
VC_1115,NE,NE,0,NE
VC_1116,n/a,NE,0,NE
VC_1117,NE,NE,0,NE
VC_1118,NE,NE,0,NE
VC_1119,NE,NE,0,NE
VC_1120,D,NE,0,NE
VC_1121,NE,NE,0,NE
VC_1122,NE,NE,0,NE
VC_1123,NE,NE,0,NE
VC_1124,NE,NE,0,NE
VC_1125,NE,NE,0,NE
VC_1126,E,E,1,E
VC_1127,NE,E,1,E
VC_1128,E,E,1,E
VC_1129,D,NE,0,NE
VC_1130,D,S,1,S
VC_1131,NE,NE,0,NE
VC_1131.1,n/a,NE,1,NE
VC_1132,NE,NE,0,NE
VC_1133,NE,NE,0,NE
VC_1134,NE,NE,0,NE
VC_1135,NE,NE,0,NE
VC_1136,NE,NE,0,NE
VC_1137,NE,NE,0,NE
VC_1138,NE,NE,0,NE
VC_1139,NE,NE,0,NE
VC_1140,NE,NE,0,NE
VC_1141,NE,NE,0,NE
VC_1142,NE,NE,0,NE
VC_1143,NE,NE,0,NE
VC_1144,NE,NE,0,NE
VC_1145,NE,NE,0,NE
VC_1146,NE,S,0,S
VC_1147,NE,NE,0,NE
VC_1148,NE,NE,0,NE
VC_1149,D,S,1,S
VC_1150,NE,NE,0,NE
VC_1151,NE,NE,0,NE
VC_1152,NE,NE,0,NE
VC_1153,NE,NE,0,NE
VC_1154,NE,NE,0,NE
VC_1155,NE,NE,0,NE
VC_1156,NE,NE,0,NE
VC_1157,NE,NE,0,NE
VC_1158,NE,NE,0,NE
VC_1159,D,E,1,E
VC_1160,NE,NE,0,NE
VC_1161,NE,NE,0,NE
VC_1162,NE,NE,0,NE
VC_1163,NE,NE,0,NE
VC_1164,NE,NE,0,NE
VC_1165,NE,NE,0,NE
VC_1166,E,E,1,E
VC_1167,NE,NE,0,NE
VC_1168,NE,NE,0,NE
VC_1169,NE,NE,0,NE
VC_1170,NE,NE,0,NE
VC_1171,NE,NE,0,NE
VC_1172,NE,NE,0,NE
VC_1173,NE,NE,0,NE
VC_1174,NE,NE,0,NE
VC_1175,n/a,NE,1,NE
VC_1176,n/a,NE,1,NE
VC_1177,NE,NE,0,NE
VC_1178,NE,NE,0,NE
VC_1179,NE,NE,0,NE
VC_1180,E,E,1,E
VC_1181,D,E,1,E
VC_1182,NE,NE,0,NE
VC_1183,NE,NE,0,NE
VC_1184,NE,NE,0,NE
VC_1185,NE,NE,0,NE
VC_1186,NE,NE,0,NE
VC_1187,NE,NE,0,NE
VC_1188,NE,NE,0,NE
VC_1189,NE,NE,0,NE
VC_1190,NE,NE,0,NE
VC_1191,NE,NE,0,NE
VC_1192,Absent Gene,,,Absent Gene
VC_1193,n/a,NE,0,NE
VC_1194,NE,NE,0,NE
VC_1195,NE,NE,0,NE
VC_1196,NE,NE,0,NE
VC_1197,NE,NE,0,NE
VC_1198,NE,NE,0,NE
VC_1199,NE,NE,0,NE
VC_1200,NE,NE,0,NE
VC_1201,NE,NE,0,NE
VC_1202,NE,NE,0,NE
VC_1203,NE,NE,0,NE
VC_1204,NE,NE,0,NE
VC_1205,NE,NE,0,NE
VC_1206,NE,NE,0,NE
VC_1207,NE,NE,0,NE
VC_1208,NE,NE,0,NE
VC_1209,NE,NE,0,NE
VC_1210,NE,NE,0,NE
VC_1211,D,NE,0,NE
VC_1212,NE,NE,0,NE
VC_1213,NE,NE,0,NE
VC_1214,NE,NE,0,NE
VC_1215,D,S,1,S
VC_1216,NE,NE,0,NE
VC_1217,NE,NE,0,NE
VC_1218,n/a,D,1,D
VC_1219,D,E,1,E
VC_1220,E,E,1,E
VC_1221,n/a,S,1,S
VC_1222,NE,S,1,S
VC_1223,NE,NE,0,NE
VC_1224,NE,NE,0,NE
VC_1225,NE,NE,0,NE
VC_1226,NE,NE,0,NE
VC_1227,n/a,NE,0,NE
VC_1228,NE,NE,0,NE
VC_1229,NE,NE,0,NE
VC_1230,n/a,NE,0,NE
VC_1231,NE,NE,0,NE
VC_1232,NE,NE,0,NE
VC_1233,NE,NE,0,NE
VC_1234,NE,NE,0,NE
VC_1235,NE,NE,0,NE
VC_1236,NE,NE,0,NE
VC_1237,NE,NE,0,NE
VC_1238,NE,NE,0,NE
VC_1239,NE,NE,0,NE
VC_1240,NE,NE,0,NE
VC_1241,n/a,NE,1,NE
VC_1242,NE,NE,0,NE
VC_1243,n/a,NE,1,NE
VC_1244,D,NE,0,NE
VC_1245,NE,NE,0,NE
VC_1246,E,E,1,E
VC_1247,NE,NE,0,NE
VC_1248,NE,NE,0,NE
VC_1249,NE,NE,0,NE
VC_1250,NE,NE,0,NE
VC_1251,n/a,NE,0,NE
VC_1252,NE,NE,0,NE
VC_1253,NE,NE,0,NE
VC_1254,NE,NE,0,NE
VC_1255,E,E,1,E
VC_1256,E,E,1,E
VC_1257,D,S,1,S
VC_1258,D,E,1,E
VC_1259,NE,NE,0,NE
VC_1260,NE,NE,0,NE
VC_1261,NE,NE,0,NE
VC_1262,n/a,NE,0,NE
VC_1263,NE,NE,0,NE
VC_1264,NE,NE,0,NE
VC_1265,NE,NE,0,NE
VC_1266,NE,NE,0,NE
VC_1267,NE,NE,0,NE
VC_1268,NE,NE,0,NE
VC_1269,NE,NE,0,NE
VC_1270,NE,NE,0,NE
VC_1271,NE,NE,0,NE
VC_1272,NE,NE,0,NE
VC_1273,NE,NE,0,NE
VC_1274,NE,NE,0,NE
VC_1275,NE,NE,0,NE
VC_1276,NE,NE,0,NE
VC_1277,NE,NE,0,NE
VC_1278,NE,NE,0,NE
VC_1279,NE,NE,0,NE
VC_1280,NE,NE,0,NE
VC_1281,NE,NE,0,NE
VC_1282,NE,NE,0,NE
VC_1283,NE,NE,0,NE
VC_1284,NE,NE,0,NE
VC_1285,NE,NE,0,NE
VC_1286,NE,NE,0,NE
VC_1287,D,D,0,D
VC_1288,NE,NE,0,NE
VC_1289,NE,NE,0,NE
VC_1290,NE,NE,0,NE
VC_1291,NE,NE,0,NE
VC_1292,n/a,NE,0,NE
VC_1293,D,NE,0,NE
VC_1294,n/a,NE,0,NE
VC_1295,NE,NE,0,NE
VC_1296,NE,NE,0,NE
VC_1297,E,E,1,E
VC_1298,NE,NE,0,NE
VC_1299,D,NE,1,NE
VC_1300,NE,NE,0,NE
VC_1301,NE,NE,0,NE
VC_1302,NE,S,0,S
VC_1303,NE,NE,0,NE
VC_1304,D,NE,0,NE
VC_1305,n/a,NE,0,NE
VC_1306,NE,NE,0,NE
VC_1307,NE,NE,0,NE
VC_1308,NE,NE,0,NE
VC_1309,NE,NE,0,NE
VC_1310,NE,NE,0,NE
VC_1311,NE,NE,0,NE
VC_1312,NE,NE,0,NE
VC_1313,NE,NE,0,NE
VC_1314,NE,NE,0,NE
VC_1315,D,NE,0,NE
VC_1316,NE,NE,0,NE
VC_1317,D,NE,0,NE
VC_1318,NE,S,0,S
VC_1319,NE,NE,0,NE
VC_1320,NE,NE,0,NE
VC_1321,NE,NE,0,NE
VC_1322,n/a,NE,0,NE
VC_1323,NE,NE,0,NE
VC_1324,n/a,D,0,D
VC_1325,NE,NE,0,NE
VC_1326,n/a,NE,0,NE
VC_1327,NE,NE,0,NE
VC_1328,NE,NE,0,NE
VC_1329,NE,NE,0,NE
VC_1330,D,S,0,S
VC_1331,n/a,NE,0,NE
VC_1332,NE,NE,0,NE
VC_1333,NE,NE,0,NE
VC_1334,NE,NE,0,NE
VC_1335,NE,NE,0,NE
VC_1336,NE,NE,0,NE
VC_1337,NE,NE,0,NE
VC_1338,NE,NE,0,NE
VC_1339,NE,NE,0,NE
VC_1340,NE,NE,0,NE
VC_1341,NE,NE,0,NE
VC_1342,NE,NE,0,NE
VC_1343,NE,NE,0,NE
VC_1344,NE,NE,0,NE
VC_1345,NE,NE,0,NE
VC_1346,NE,NE,0,NE
VC_1347,NE,NE,0,NE
VC_1348,NE,NE,0,NE
VC_1349,NE,NE,0,NE
VC_1350,NE,NE,0,NE
VC_1351,n/a,NE,0,NE
VC_1352,n/a,NE,0,NE
VC_1353,NE,NE,0,NE
VC_1354,NE,NE,0,NE
VC_1355,NE,NE,0,NE
VC_1356,E,S,1,S
VC_1357,n/a,S,1,S
VC_1358,D,S,1,S
VC_1359,NE,NE,0,NE
VC_1360,NE,NE,0,NE
VC_1361,NE,NE,0,NE
VC_1362,NE,NE,0,NE
VC_1363,NE,NE,0,NE
VC_1364,NE,NE,0,NE
VC_1365,NE,NE,0,NE
VC_1366,NE,NE,0,NE
VC_1367,NE,NE,0,NE
VC_1368,NE,NE,0,NE
VC_1369,NE,NE,0,NE
VC_1370,NE,NE,0,NE
VC_1371,NE,NE,0,NE
VC_1372,NE,NE,0,NE
VC_1373,NE,NE,0,NE
VC_1374,NE,NE,0,NE
VC_1375,NE,NE,0,NE
VC_1376,NE,NE,0,NE
VC_1377,NE,NE,0,NE
VC_1378,n/a,NE,0,NE
VC_1379,NE,NE,0,NE
VC_1380,NE,NE,0,NE
VC_1381,n/a,NE,0,NE
VC_1382,NE,NE,0,NE
VC_1383,n/a,NE,0,NE
VC_1384,NE,NE,0,NE
VC_1385,n/a,NE,1,NE
VC_1386,NE,NE,0,NE
VC_1387,n/a,NE,0,NE
VC_1388,NE,NE,0,NE
VC_1389,n/a,NE,0,NE
VC_1390,NE,NE,0,NE
VC_1391,NE,NE,0,NE
VC_1392,NE,NE,0,NE
VC_1393,NE,NE,0,NE
VC_1394,NE,NE,0,NE
VC_1395,NE,NE,0,NE
VC_1396,NE,NE,0,NE
VC_1397,NE,NE,0,NE
VC_1398,NE,NE,0,NE
VC_1399,D,D,0,D
VC_1400,NE,NE,0,NE
VC_1401,NE,NE,0,NE
VC_1402,NE,NE,0,NE
VC_1403,NE,NE,0,NE
VC_1404,n/a,S,1,S
VC_1405,NE,NE,0,NE
VC_1406,NE,NE,0,NE
VC_1407,NE,NE,0,NE
VC_1408,NE,S,0,S
VC_1409,NE,NE,0,NE
VC_1410,NE,NE,0,NE
VC_1411,NE,NE,0,NE
VC_1412,n/a,NE,0,NE
VC_1413,NE,NE,0,NE
VC_1414,NE,NE,0,NE
VC_1415,NE,NE,0,NE
VC_1416,NE,NE,0,NE
VC_1417,NE,NE,0,NE
VC_1418,D,D,0,D
VC_1419,E,E,1,E
VC_1420,NE,NE,0,NE
VC_1421,NE,NE,0,NE
VC_1422,NE,NE,0,NE
VC_1423,NE,NE,0,NE
VC_1424,NE,NE,0,NE
VC_1425,NE,NE,0,NE
VC_1426,NE,NE,0,NE
VC_1427,NE,NE,0,NE
VC_1428,NE,NE,0,NE
VC_1429,NE,NE,0,NE
VC_1430,D,D,0,D
VC_1431,NE,NE,0,NE
VC_1432,NE,NE,0,NE
VC_1433,NE,NE,0,NE
VC_1434,NE,NE,0,NE
VC_1435,NE,NE,0,NE
VC_1436,n/a,NE,0,NE
VC_1437,NE,NE,0,NE
VC_1438,D,NE,0,NE
VC_1439,NE,NE,0,NE
VC_1440,n/a,NE,0,NE
VC_1441,NE,NE,0,NE
VC_1442,NE,NE,0,NE
VC_1443,NE,NE,0,NE
VC_1444,NE,S,0,S
VC_1445,D,S,1,S
VC_1446,NE,NE,0,NE
VC_1447,NE,NE,0,NE
VC_1448,D,D,0,D
VC_1449,NE,NE,0,NE
VC_1450,NE,NE,0,NE
VC_1451,NE,NE,0,NE
VC_1452,n/a,S,1,S
VC_1453,NE,S,0,S
VC_1454,Duplicated Gene,,,Duplicated Gene
VC_1455,Duplicated Gene,,,Duplicated Gene
VC_1456,E,D,1,D
VC_1457,D,D,1,D
VC_1458,NE,NE,0,NE
VC_1459,NE,NE,0,NE
VC_1460,NE,NE,0,NE
VC_1461,NE,NE,0,NE
VC_1462,Duplicated Gene,,,Duplicated Gene
VC_1463,Duplicated Gene,,,Duplicated Gene
VC_1464,Duplicated Gene,,,Duplicated Gene
VC_1465,NE,NE,0,NE
VC_1466,Duplicated Gene,,,Duplicated Gene
VC_1467,Duplicated Gene,,,Duplicated Gene
VC_1468,Duplicated Gene,,,Duplicated Gene
VC_1469,Duplicated Gene,,,Duplicated Gene
VC_1470,Duplicated Gene,,,Duplicated Gene
VC_1471,Duplicated Gene,,,Duplicated Gene
VC_1472,Duplicated Gene,,,Duplicated Gene
VC_1473,Duplicated Gene,,,Duplicated Gene
VC_1474,Duplicated Gene,,,Duplicated Gene
VC_1475,Duplicated Gene,,,Duplicated Gene
VC_1476,Duplicated Gene,,,Duplicated Gene
VC_1477,Duplicated Gene,,,Duplicated Gene
VC_1478,Duplicated Gene,,,Duplicated Gene
VC_1479,NE,NE,0,NE
VC_1480,NE,NE,0,NE
VC_1481,D,NE,1,NE
VC_1482,NE,NE,0,NE
VC_1483,E,E,1,E
VC_1484,n/a,NE,0,NE
VC_1485,E,E,1,E
VC_1486,D,NE,0,NE
VC_1487,NE,S,0,S
VC_1488,D,NE,0,NE
VC_1489,n/a,S,1,S
VC_1490,D,S,0,S
VC_1491,NE,NE,0,NE
VC_1492,NE,NE,0,NE
VC_1493,NE,S,1,S
VC_1494,NE,NE,0,NE
VC_1495,NE,NE,0,NE
VC_1496,NE,NE,0,NE
VC_1497,NE,NE,0,NE
VC_1498,NE,NE,0,NE
VC_1499,NE,NE,0,NE
VC_1500,D,NE,0,NE
VC_1501,NE,NE,0,NE
VC_1502,NE,NE,0,NE
VC_1503,D,NE,0,NE
VC_1504,NE,NE,0,NE
VC_1505,D,NE,0,NE
VC_1506,NE,NE,0,NE
VC_1507,NE,NE,0,NE
VC_1508,NE,NE,0,NE
VC_1509,NE,NE,0,NE
VC_1510,NE,NE,0,NE
VC_1511,NE,NE,0,NE
VC_1512,NE,NE,0,NE
VC_1513,NE,NE,0,NE
VC_1514,n/a,NE,1,NE
VC_1515,NE,NE,0,NE
VC_1516,NE,NE,0,NE
VC_1517,NE,NE,0,NE
VC_1518,NE,NE,0,NE
VC_1519,NE,NE,0,NE
VC_1520,NE,NE,0,NE
VC_1521,NE,NE,0,NE
VC_1522,NE,NE,0,NE
VC_1523,NE,NE,0,NE
VC_1524,NE,NE,0,NE
VC_1525,NE,NE,0,NE
VC_1526,NE,NE,0,NE
VC_1527,NE,NE,0,NE
VC_1528,NE,NE,0,NE
VC_1529,NE,NE,0,NE
VC_1530,n/a,NE,0,NE
VC_1531,D,NE,1,NE
VC_1532,NE,NE,0,NE
VC_1533,NE,NE,0,NE
VC_1534,NE,NE,0,NE
VC_1535,NE,NE,0,NE
VC_1536,NE,NE,0,NE
VC_1537,NE,NE,0,NE
VC_1538,NE,NE,0,NE
VC_1539,NE,NE,0,NE
VC_1540,NE,NE,0,NE
VC_1541,NE,NE,0,NE
VC_1542,NE,NE,0,NE
VC_1543,NE,NE,0,NE
VC_1544,NE,NE,0,NE
VC_1545,NE,NE,0,NE
VC_1546,NE,NE,0,NE
VC_1547,NE,NE,0,NE
VC_1548,NE,NE,0,NE
VC_1549,NE,NE,0,NE
VC_1550,NE,NE,0,NE
VC_1551,NE,NE,0,NE
VC_1552,NE,NE,0,NE
VC_1553,NE,NE,0,NE
VC_1554,NE,NE,0,NE
VC_1555,NE,NE,0,NE
VC_1556,NE,NE,0,NE
VC_1557,NE,NE,0,NE
VC_1558,NE,NE,0,NE
VC_1559,n/a,NE,0,NE
VC_1560,NE,NE,0,NE
VC_1561,D,NE,0,NE
VC_1562,D,NE,0,NE
VC_1563,NE,NE,0,NE
VC_1564,n/a,NE,0,NE
VC_1565,NE,NE,0,NE
VC_1566,NE,NE,0,NE
VC_1567,NE,NE,0,NE
VC_1568,NE,NE,0,NE
VC_1569,n/a,NE,0,NE
VC_1570,NE,NE,0,NE
VC_1571,NE,NE,0,NE
VC_1572,NE,NE,0,NE
VC_1573,NE,NE,0,NE
VC_1574,NE,NE,0,NE
VC_1575,NE,NE,0,NE
VC_1576,NE,NE,0,NE
VC_1577,D,S,0,S
VC_1578,E,S,1,S
VC_1579,NE,NE,0,NE
VC_1580,NE,NE,0,NE
VC_1581,NE,NE,0,NE
VC_1582,NE,NE,0,NE
VC_1583,NE,NE,0,NE
VC_1584,NE,NE,0,NE
VC_1585,NE,NE,0,NE
VC_1586,n/a,NE,0,NE
VC_1587,D,D,0,D
VC_1588,NE,NE,0,NE
VC_1589,NE,NE,0,NE
VC_1590,NE,NE,0,NE
VC_1591,NE,NE,0,NE
VC_1592,D,D,0,D
VC_1593,D,NE,0,NE
VC_1594,NE,NE,0,NE
VC_1595,NE,NE,0,NE
VC_1596,D,NE,0,NE
VC_1597,D,NE,0,NE
VC_1598,NE,NE,0,NE
VC_1599,NE,NE,0,NE
VC_1600,NE,NE,0,NE
VC_1601,NE,NE,0,NE
VC_1602,NE,NE,0,NE
VC_1603,NE,NE,0,NE
VC_1604,NE,NE,0,NE
VC_1605,NE,NE,0,NE
VC_1606,NE,NE,0,NE
VC_1607,NE,NE,0,NE
VC_1608,NE,NE,0,NE
VC_1609,NE,NE,0,NE
VC_1610,NE,NE,0,NE
VC_1611,NE,NE,0,NE
VC_1612,NE,D,0,D
VC_1613,n/a,D,0,D
VC_1614,NE,NE,0,NE
VC_1615,NE,NE,0,NE
VC_1616,NE,NE,0,NE
VC_1617,D,D,0,D
VC_1618,NE,NE,0,NE
VC_1619,NE,NE,0,NE
VC_1619.1,D,D,0,D
VC_1619.1.1,NE,D,0,D
VC_1621,NE,NE,0,NE
VC_1622,NE,NE,0,NE
VC_1623,NE,NE,0,NE
VC_1624,NE,NE,0,NE
VC_1625,NE,NE,0,NE
VC_1627,NE,NE,0,NE
VC_1628,NE,NE,0,NE
VC_1629,NE,NE,0,NE
VC_1630,NE,NE,0,NE
VC_1631,NE,NE,0,NE
VC_1632,NE,NE,0,NE
VC_1633,NE,NE,0,NE
VC_1634,NE,NE,0,NE
VC_1635,NE,NE,0,NE
VC_1636,NE,NE,0,NE
VC_1637,NE,NE,0,NE
VC_1638,NE,NE,0,NE
VC_1639,NE,NE,0,NE
VC_1640,E,E,1,E
VC_1641,D,NE,0,NE
VC_1642,NE,NE,0,NE
VC_1643,NE,NE,0,NE
VC_1644,NE,NE,0,NE
VC_1645,NE,NE,0,NE
VC_1646,n/a,NE,0,NE
VC_1647,NE,NE,0,NE
VC_1648,n/a,NE,0,NE
VC_1649,D,D,0,D
VC_1650,NE,NE,0,NE
VC_1651,D,NE,0,NE
VC_1652,NE,NE,0,NE
VC_1653,D,NE,0,NE
VC_1654,n/a,NE,0,NE
VC_1655,NE,NE,0,NE
VC_1656,NE,NE,0,NE
VC_1657,n/a,NE,0,NE
VC_1658,NE,NE,0,NE
VC_1659,NE,NE,0,NE
VC_1660,D,NE,0,NE
VC_1661,n/a,NE,0,NE
VC_1662,NE,NE,0,NE
VC_1663,NE,NE,0,NE
VC_1664,NE,NE,0,NE
VC_1665,NE,NE,0,NE
VC_1666,NE,NE,0,NE
VC_1667,NE,NE,0,NE
VC_1668,NE,NE,0,NE
VC_1669,NE,NE,0,NE
VC_1670,NE,NE,0,NE
VC_1671,NE,NE,0,NE
VC_1672,NE,NE,0,NE
VC_1673,NE,NE,0,NE
VC_1674,NE,NE,0,NE
VC_1675,NE,NE,0,NE
VC_1676,NE,NE,0,NE
VC_1677,n/a,NE,1,NE
VC_1678,NE,NE,0,NE
VC_1679,NE,NE,0,NE
VC_1680,NE,NE,0,NE
VC_1681,D,S,0,S
VC_1682,D,NE,0,NE
VC_1683,NE,NE,0,NE
VC_1684,NE,NE,0,NE
VC_1685,NE,NE,0,NE
VC_1686,NE,NE,0,NE
VC_1687,NE,NE,0,NE
VC_1688,NE,NE,0,NE
VC_1689,NE,NE,0,NE
VC_1690,NE,NE,0,NE
VC_1691,n/a,NE,1,NE
VC_1692,NE,NE,0,NE
VC_1693,NE,NE,0,NE
VC_1694,n/a,S,1,S
VC_1695,NE,NE,0,NE
VC_1696,NE,NE,0,NE
VC_1697,NE,NE,0,NE
VC_1698,NE,NE,0,NE
VC_1699,NE,NE,0,NE
VC_1700,NE,NE,0,NE
VC_1701,NE,NE,0,NE
VC_1702,NE,NE,0,NE
VC_1703,NE,NE,0,NE
VC_1704,NE,NE,0,NE
VC_1705,n/a,NE,1,NE
VC_1706,NE,NE,0,NE
VC_1707,n/a,NE,0,NE
VC_1708,NE,NE,0,NE
VC_1709,NE,NE,0,NE
VC_1710,NE,NE,0,NE
VC_1711,NE,NE,0,NE
VC_1712,NE,NE,0,NE
VC_1713,NE,NE,0,NE
VC_1714,NE,NE,0,NE
VC_1715,NE,NE,0,NE
VC_1716,NE,NE,0,NE
VC_1717,NE,NE,0,NE
VC_1718,NE,NE,0,NE
VC_1719,NE,NE,0,NE
VC_1720,D,NE,0,NE
VC_1721,NE,NE,0,NE
VC_1722,NE,NE,0,NE
VC_1723,NE,NE,0,NE
VC_1724,NE,NE,0,NE
VC_1725,NE,NE,0,NE
VC_1726,D,NE,0,NE
VC_1727,NE,NE,0,NE
VC_1728,n/a,NE,1,NE
VC_1729,n/a,NE,0,NE
VC_1730,D,D,1,D
VC_1731,NE,NE,0,NE
VC_1732,NE,NE,0,NE
VC_1733,n/a,NE,0,NE
VC_1734,n/a,NE,0,NE
VC_1735,NE,NE,0,NE
VC_1736,NE,NE,0,NE
VC_1737,n/a,E,1,E
VC_1738,E,E,1,E
VC_1739,E,E,1,E
VC_1740,NE,NE,0,NE
VC_1741,NE,NE,0,NE
VC_1742,n/a,NE,1,NE
VC_1743,NE,NE,0,NE
VC_1744,NE,NE,0,NE
VC_1745,NE,NE,0,NE
VC_1746,NE,NE,0,NE
VC_1747,n/a,NE,1,NE
VC_1748,NE,NE,0,NE
VC_1749,NE,NE,0,NE
VC_1750,NE,NE,0,NE
VC_1751,NE,NE,0,NE
VC_1752,n/a,NE,0,NE
VC_1753,NE,NE,0,NE
VC_1754,NE,NE,0,NE
VC_1755,NE,NE,0,NE
VC_1756,NE,NE,0,NE
VC_1757,NE,NE,0,NE
VC_1758,NE,NE,0,NE
VC_1759,D,NE,0,NE
VC_1760,NE,NE,0,NE
VC_1761,NE,NE,0,NE
VC_1762,D,NE,0,NE
VC_1763,NE,NE,0,NE
VC_1764,NE,NE,0,NE
VC_1765,NE,NE,0,NE
VC_1766,NE,NE,0,NE
VC_1767,NE,NE,0,NE
VC_1768,NE,NE,0,NE
VC_1769,NE,NE,0,NE
VC_1770,NE,NE,0,NE
VC_1771,NE,NE,0,NE
VC_1772,NE,NE,0,NE
VC_1773,D,S,0,S
VC_1774,D,NE,0,NE
VC_1775,NE,NE,0,NE
VC_1776,NE,NE,0,NE
VC_1777,NE,NE,0,NE
VC_1778,NE,NE,0,NE
VC_1779,NE,NE,0,NE
VC_1780,NE,NE,1,NE
VC_1781,NE,NE,0,NE
VC_1782,NE,NE,0,NE
VC_1783,NE,NE,0,NE
VC_1784,NE,NE,0,NE
VC_1785,n/a,NE,0,NE
VC_1786,NE,NE,0,NE
VC_1787,n/a,NE,0,NE
VC_1788,Duplicated Gene,,,Duplicated Gene
VC_1789,Duplicated Gene,,,Duplicated Gene
VC_1790,Duplicated Gene,,,Duplicated Gene
VC_1791,NE,NE,0,NE
VC_1792,NE,NE,0,NE
VC_1793,NE,NE,0,NE
VC_1794,NE,NE,0,NE
VC_1795,NE,NE,0,NE
VC_1796,NE,NE,0,NE
VC_1797,NE,NE,0,NE
VC_1798,NE,NE,0,NE
VC_1799,D,NE,0,NE
VC_1800,D,NE,0,NE
VC_1801,E,E,1,E
VC_1802,E,E,1,E
VC_1803,E,E,1,E
VC_1804,NE,NE,0,NE
VC_1805,NE,NE,0,NE
VC_1806,NE,NE,0,NE
VC_1807,E,D,1,D
VC_1808,E,E,1,E
VC_1809,n/a,NE,0,NE
VC_1810,n/a,NE,1,NE
VC_1811,NE,NE,0,NE
VC_1812,NE,NE,0,NE
VC_1813,n/a,NE,1,NE
VC_1814,NE,NE,0,NE
VC_1815,NE,NE,0,NE
VC_1816,n/a,NE,0,NE
VC_1817,NE,NE,0,NE
VC_1818,n/a,NE,0,NE
VC_1819,NE,NE,0,NE
VC_1820,D,S,1,S
VC_1821,NE,NE,0,NE
VC_1822,NE,NE,0,NE
VC_1823,NE,NE,0,NE
VC_1824,NE,NE,0,NE
VC_1825,NE,NE,0,NE
VC_1826,NE,NE,0,NE
VC_1827,NE,NE,0,NE
VC_1828,NE,NE,0,NE
VC_1829,n/a,NE,0,NE
VC_1830,n/a,NE,0,NE
VC_1831,NE,NE,0,NE
VC_1832,NE,NE,0,NE
VC_1833,NE,NE,0,NE
VC_1834,NE,NE,0,NE
VC_1835,NE,NE,0,NE
VC_1836,D,NE,0,NE
VC_1837,D,NE,1,NE
VC_1838,D,NE,0,NE
VC_1839,NE,NE,0,NE
VC_1840,NE,NE,0,NE
VC_1841,NE,NE,0,NE
VC_1842,n/a,NE,0,NE
VC_1843,D,S,1,S
VC_1844,D,S,1,S
VC_1845,NE,NE,0,NE
VC_1846,NE,NE,0,NE
VC_1847,NE,NE,0,NE
VC_1848,E,E,1,E
VC_1849,NE,NE,0,NE
VC_1850,E,E,1,E
VC_1851,NE,NE,0,NE
VC_1852,NE,NE,0,NE
VC_1853,NE,NE,0,NE
VC_1854,NE,NE,0,NE
VC_1855,D,D,0,D
VC_1856,NE,NE,0,NE
VC_1857,NE,NE,0,NE
VC_1858,n/a,NE,0,NE
VC_1859,NE,NE,0,NE
VC_1860,NE,NE,0,NE
VC_1861,NE,NE,0,NE
VC_1862,NE,NE,0,NE
VC_1863,NE,NE,0,NE
VC_1864,NE,NE,0,NE
VC_1865,NE,NE,0,NE
VC_1866,NE,NE,0,NE
VC_1867,NE,NE,0,NE
VC_1868,NE,NE,0,NE
VC_1869,NE,NE,0,NE
VC_1870,NE,NE,0,NE
VC_1871,NE,S,0,S
VC_1872,NE,NE,0,NE
VC_1873,NE,NE,0,NE
VC_1874,NE,NE,0,NE
VC_1875,D,E,1,E
VC_1876,n/a,NE,0,NE
VC_1877,D,E,1,E
VC_1878,D,E,1,E
VC_1879,NE,NE,0,NE
VC_1880,NE,NE,0,NE
VC_1881,n/a,NE,0,NE
VC_1882,E,E,1,E
VC_1883,E,E,1,E
VC_1884,E,E,1,E
VC_1885,NE,NE,0,NE
VC_1886,NE,NE,0,NE
VC_1887,NE,NE,0,NE
VC_1888,NE,NE,0,NE
VC_1889,NE,NE,0,NE
VC_1890,NE,NE,0,NE
VC_1891,n/a,NE,0,NE
VC_1892,NE,NE,0,NE
VC_1893,NE,NE,0,NE
VC_1894,NE,NE,0,NE
VC_1895,NE,NE,0,NE
VC_1896,NE,NE,0,NE
VC_1897,NE,NE,0,NE
VC_1898,NE,NE,0,NE
VC_1899,NE,NE,0,NE
VC_1900,D,S,1,S
VC_1901,NE,NE,0,NE
VC_1902,NE,NE,0,NE
VC_1903,D,S,1,S
VC_1904,E,S,1,S
VC_1905,NE,NE,0,NE
VC_1906,NE,NE,0,NE
VC_1907,D,S,1,S
VC_1908,n/a,NE,0,NE
VC_1909,NE,NE,0,NE
VC_1910,NE,NE,0,NE
VC_1911,NE,NE,0,NE
VC_1912,E,E,1,E
VC_1913,E,E,1,E
VC_1914,NE,NE,0,NE
VC_1915,E,E,1,E
VC_1916,E,E,1,E
VC_1917,NE,NE,0,NE
VC_1918,NE,NE,0,NE
VC_1919,NE,NE,0,NE
VC_1920,NE,NE,0,NE
VC_1921,D,NE,0,NE
VC_1922,NE,NE,0,NE
VC_1923,NE,NE,0,NE
VC_1924,NE,NE,0,NE
VC_1925,NE,NE,0,NE
VC_1926,NE,NE,0,NE
VC_1927,NE,NE,0,NE
VC_1928,NE,NE,0,NE
VC_1929,NE,NE,0,NE
VC_1930,n/a,NE,1,NE
VC_1931,NE,NE,0,NE
VC_1932,n/a,NE,0,NE
VC_1933,NE,NE,0,NE
VC_1934,D,D,0,D
VC_1935,NE,NE,0,NE
VC_1936,NE,NE,0,NE
VC_1937,NE,NE,0,NE
VC_1938,NE,NE,0,NE
VC_1939,NE,NE,0,NE
VC_1940,NE,NE,0,NE
VC_1941,NE,NE,0,NE
VC_1942,D,NE,0,NE
VC_1943,n/a,NE,1,NE
VC_1944,NE,NE,0,NE
VC_1945,NE,NE,0,NE
VC_1946,n/a,NE,0,NE
VC_1947,NE,NE,0,NE
VC_1948,n/a,S,1,S
VC_1949,D,NE,0,NE
VC_1950,NE,NE,0,NE
VC_1951,NE,NE,0,NE
VC_1952,NE,NE,0,NE
VC_1953,NE,NE,0,NE
VC_1954,n/a,E,1,E
VC_1955,NE,NE,0,NE
VC_1956,NE,NE,0,NE
VC_1957,NE,NE,0,NE
VC_1958,n/a,NE,0,NE
VC_1959,NE,NE,0,NE
VC_1960,NE,NE,0,NE
VC_1961,NE,NE,0,NE
VC_1962,NE,NE,0,NE
VC_1963,NE,NE,0,NE
VC_1964,NE,NE,0,NE
VC_1965,NE,NE,0,NE
VC_1966,NE,NE,0,NE
VC_1967,NE,NE,0,NE
VC_1968,NE,NE,0,NE
VC_1969,n/a,NE,0,NE
VC_1970,NE,NE,0,NE
VC_1971,NE,NE,0,NE
VC_1972,NE,NE,0,NE
VC_1973,NE,NE,0,NE
VC_1974,NE,NE,0,NE
VC_1975,NE,NE,0,NE
VC_1976,NE,NE,0,NE
VC_1977,NE,NE,0,NE
VC_1978,NE,NE,0,NE
VC_1979,NE,NE,0,NE
VC_1980,NE,NE,0,NE
VC_1981,NE,NE,0,NE
VC_1982,n/a,NE,1,NE
VC_1983,NE,NE,0,NE
VC_1984,NE,NE,0,NE
VC_1985,NE,NE,0,NE
VC_1986,NE,NE,0,NE
VC_1987,NE,NE,0,NE
VC_1988,NE,NE,0,NE
VC_1989,D,E,1,E
VC_1990,NE,NE,0,NE
VC_1991,NE,NE,0,NE
VC_1992,D,NE,0,NE
VC_1993,NE,NE,0,NE
VC_1994,NE,NE,0,NE
VC_1995,NE,NE,0,NE
VC_1996,NE,NE,0,NE
VC_1997,NE,NE,0,NE
VC_1998,NE,NE,0,NE
VC_1999,n/a,NE,0,NE
VC_2000,E,E,1,E
VC_2001,NE,NE,0,NE
VC_2002,NE,NE,0,NE
VC_2003,NE,NE,0,NE
VC_2004,NE,NE,0,NE
VC_2005,NE,NE,0,NE
VC_2006,NE,NE,0,NE
VC_2007,NE,NE,0,NE
VC_2008,NE,NE,0,NE
VC_2009,NE,NE,0,NE
VC_2010,n/a,NE,0,NE
VC_2011,NE,NE,0,NE
VC_2012,NE,NE,0,NE
VC_2013,NE,NE,0,NE
VC_2014,NE,NE,0,NE
VC_2015,E,E,1,E
VC_2016,E,E,1,E
VC_2017,NE,NE,0,NE
VC_2018,NE,NE,0,NE
VC_2019,NE,NE,0,NE
VC_2020,E,E,1,E
VC_2021,E,E,1,E
VC_2022,E,E,1,E
VC_2023,D,S,1,S
VC_2024,D,S,1,S
VC_2025,n/a,S,0,S
VC_2026,D,S,0,S
VC_2027,NE,NE,0,NE
VC_2028,NE,NE,0,NE
VC_2029,NE,NE,0,NE
VC_2030,D,D,0,D
VC_2031,D,D,0,D
VC_2032,NE,NE,0,NE
VC_2033,NE,NE,0,NE
VC_2034,n/a,E,1,E
VC_2035,NE,NE,0,NE
VC_2036,NE,NE,0,NE
VC_2037,NE,NE,0,NE
VC_2038,NE,NE,0,NE
VC_2039,NE,NE,0,NE
VC_2040,n/a,NE,0,NE
VC_2041,D,D,0,D
VC_2042,NE,NE,0,NE
VC_2043,NE,NE,0,NE
VC_2044,NE,NE,0,NE
VC_2045,NE,NE,0,NE
VC_2046,NE,NE,0,NE
VC_2047,NE,NE,0,NE
VC_2048,NE,NE,0,NE
VC_2049,NE,NE,0,NE
VC_2051,NE,NE,0,NE
VC_2052,NE,NE,0,NE
VC_2053,NE,NE,0,NE
VC_2054,n/a,NE,0,NE
VC_2055,NE,NE,0,NE
VC_2056,NE,NE,0,NE
VC_2057,NE,NE,0,NE
VC_2058,NE,NE,0,NE
VC_2059,NE,NE,0,NE
VC_2060,NE,NE,0,NE
VC_2061,NE,NE,0,NE
VC_2062,NE,NE,0,NE
VC_2063,NE,NE,0,NE
VC_2064,NE,NE,0,NE
VC_2065,NE,NE,0,NE
VC_2066,NE,NE,0,NE
VC_2067,NE,NE,0,NE
VC_2068,NE,NE,0,NE
VC_2069,NE,NE,0,NE
VC_2070,NE,NE,0,NE
VC_2071,n/a,NE,0,NE
VC_2072,NE,NE,0,NE
VC_2073,NE,NE,0,NE
VC_2074,E,E,1,E
VC_2075,NE,NE,0,NE
VC_2076,NE,NE,0,NE
VC_2077,NE,NE,0,NE
VC_2078,NE,NE,0,NE
VC_2079,n/a,NE,0,NE
VC_2080,NE,NE,0,NE
VC_2081,NE,NE,0,NE
VC_2082,NE,NE,0,NE
VC_2083,NE,NE,0,NE
VC_2084,NE,NE,0,NE
VC_2085,NE,NE,0,NE
VC_2086,D,NE,0,NE
VC_2087,NE,NE,0,NE
VC_2088,NE,NE,0,NE
VC_2089,NE,NE,0,NE
VC_2090,NE,NE,0,NE
VC_2091,NE,NE,0,NE
VC_2092,NE,NE,0,NE
VC_2093,NE,NE,0,NE
VC_2094,NE,NE,0,NE
VC_2095,NE,NE,0,NE
VC_2096,E,E,1,E
VC_2097,NE,NE,0,NE
VC_2098,n/a,NE,0,NE
VC_2099,E,E,1,E
VC_2100,NE,NE,0,NE
VC_2101,NE,NE,0,NE
VC_2102,n/a,NE,0,NE
VC_2103,NE,NE,0,NE
VC_2104,n/a,NE,0,NE
VC_2105,NE,NE,0,NE
VC_2106,NE,NE,0,NE
VC_2107,NE,NE,0,NE
VC_2108,D,E,1,E
VC_2109,E,E,1,E
VC_2110,NE,NE,0,NE
VC_2111,NE,NE,0,NE
VC_2112,NE,NE,0,NE
VC_2113,NE,NE,0,NE
VC_2114,n/a,NE,0,NE
VC_2115,NE,NE,0,NE
VC_2116,NE,NE,0,NE
VC_2117,n/a,NE,0,NE
VC_2118,NE,NE,0,NE
VC_2119,NE,NE,0,NE
VC_2120,NE,NE,0,NE
VC_2121,NE,NE,0,NE
VC_2122,NE,NE,0,NE
VC_2123,NE,NE,0,NE
VC_2124,NE,NE,0,NE
VC_2125,NE,NE,0,NE
VC_2126,NE,NE,0,NE
VC_2127,NE,NE,0,NE
VC_2128,NE,NE,0,NE
VC_2129,NE,NE,0,NE
VC_2130,NE,NE,0,NE
VC_2131,NE,NE,0,NE
VC_2132,NE,NE,0,NE
VC_2133,NE,NE,0,NE
VC_2134,NE,NE,0,NE
VC_2135,NE,NE,0,NE
VC_2136,NE,NE,0,NE
VC_2137,NE,NE,0,NE
VC_2138,NE,NE,0,NE
VC_2139,NE,NE,0,NE
VC_2140,NE,NE,0,NE
VC_2141,NE,NE,0,NE
VC_2142,NE,NE,0,NE
VC_2143,NE,NE,0,NE
VC_2144,NE,NE,0,NE
VC_2145,NE,NE,0,NE
VC_2146,NE,NE,0,NE
VC_2147,NE,NE,0,NE
VC_2148,n/a,NE,0,NE
VC_2149,NE,NE,0,NE
VC_2150,NE,NE,0,NE
VC_2151,n/a,E,1,E
VC_2152,D,E,1,E
VC_2153,NE,NE,0,NE
VC_2154,n/a,NE,0,NE
VC_2155,n/a,NE,1,NE
VC_2156,NE,NE,0,NE
VC_2157,E,E,1,E
VC_2158,n/a,NE,0,NE
VC_2159,NE,NE,0,NE
VC_2160,NE,NE,0,NE
VC_2161,NE,NE,0,NE
VC_2162,NE,NE,0,NE
VC_2163,NE,NE,0,NE
VC_2164,NE,NE,0,NE
VC_2165,NE,NE,0,NE
VC_2166,NE,NE,0,NE
VC_2167,NE,NE,0,NE
VC_2168,NE,NE,0,NE
VC_2169,n/a,NE,0,NE
VC_2170,n/a,NE,0,NE
VC_2171,NE,NE,0,NE
VC_2172,NE,NE,0,NE
VC_2173,n/a,NE,1,NE
VC_2174,NE,NE,0,NE
VC_2175,E,E,1,E
VC_2176,NE,NE,0,NE
VC_2177,NE,NE,0,NE
VC_2178,NE,S,1,S
VC_2179,E,S,1,S
VC_2180,D,S,1,S
VC_2181,E,E,1,E
VC_2182,E,E,1,E
VC_2183,E,E,1,E
VC_2184,E,E,1,E
VC_2185,NE,NE,0,NE
VC_2186,n/a,NE,0,NE
VC_2187,NE,NE,0,NE
VC_2188,NE,NE,0,NE
VC_2189,n/a,NE,0,NE
VC_2190,NE,NE,0,NE
VC_2191,NE,NE,0,NE
VC_2192,NE,NE,0,NE
VC_2193,NE,NE,0,NE
VC_2194,NE,NE,0,NE
VC_2195,NE,NE,0,NE
VC_2196,NE,NE,0,NE
VC_2197,NE,NE,0,NE
VC_2198,NE,NE,0,NE
VC_2199,NE,NE,0,NE
VC_2200,NE,NE,0,NE
VC_2201,NE,NE,0,NE
VC_2202,NE,NE,0,NE
VC_2203,NE,NE,0,NE
VC_2204,NE,NE,0,NE
VC_2205,NE,NE,0,NE
VC_2206,NE,NE,0,NE
VC_2207,NE,NE,0,NE
VC_2208,NE,NE,0,NE
VC_2209,NE,NE,0,NE
VC_2210,NE,NE,0,NE
VC_2211,NE,NE,0,NE
VC_2212,NE,NE,0,NE
VC_2213,NE,NE,0,NE
VC_2214,E,E,1,E
VC_2215,NE,NE,0,NE
VC_2216,NE,NE,0,NE
VC_2217,NE,NE,0,NE
VC_2218,n/a,NE,1,NE
VC_2219,n/a,NE,0,NE
VC_2220,NE,NE,0,NE
VC_2221,n/a,NE,0,NE
VC_2222,NE,NE,0,NE
VC_2223,NE,NE,0,NE
VC_2224,NE,NE,0,NE
VC_2225,NE,NE,0,NE
VC_2226,NE,NE,0,NE
VC_2227,NE,NE,0,NE
VC_2228,n/a,NE,0,NE
VC_2229,NE,NE,0,NE
VC_2230,D,NE,0,NE
VC_2231,NE,NE,0,NE
VC_2232,NE,NE,0,NE
VC_2233,E,E,1,E
VC_2234,NE,NE,0,NE
VC_2235,NE,NE,0,NE
VC_2236,NE,NE,0,NE
VC_2237,NE,NE,0,NE
VC_2238,NE,NE,0,NE
VC_2239,NE,NE,0,NE
VC_2240,NE,NE,0,NE
VC_2241,NE,NE,0,NE
VC_2242,E,E,1,E
VC_2243,n/a,NE,1,NE
VC_2244,E,E,1,E
VC_2245,D,E,1,E
VC_2246,NE,NE,0,NE
VC_2247,E,E,1,E
VC_2248,E,E,1,E
VC_2249,E,E,1,E
VC_2250,D,E,1,E
VC_2251,NE,NE,0,NE
VC_2252,E,E,1,E
VC_2253,E,E,1,E
VC_2254,D,E,1,E
VC_2255,E,E,1,E
VC_2256,D,E,1,E
VC_2257,E,E,1,E
VC_2258,E,E,1,E
VC_2259,E,E,1,E
VC_2260,E,E,1,E
VC_2261,E,E,1,E
VC_2262,NE,NE,0,NE
VC_2263,n/a,NE,0,NE
VC_2264,NE,NE,0,NE
VC_2265,D,S,0,S
VC_2266,D,S,0,S
VC_2267,D,NE,0,NE
VC_2268,NE,NE,0,NE
VC_2269,NE,NE,0,NE
VC_2270,NE,NE,0,NE
VC_2271,NE,NE,0,NE
VC_2272,NE,NE,0,NE
VC_2273,NE,NE,0,NE
VC_2274,NE,NE,0,NE
VC_2275,NE,NE,0,NE
VC_2276,NE,NE,0,NE
VC_2277,NE,NE,0,NE
VC_2278,NE,NE,0,NE
VC_2279,NE,NE,0,NE
VC_2280,NE,NE,0,NE
VC_2281,NE,NE,0,NE
VC_2282,NE,NE,0,NE
VC_2283,NE,NE,0,NE
VC_2284,n/a,NE,1,NE
VC_2285,NE,NE,0,NE
VC_2286,NE,NE,0,NE
VC_2287,NE,NE,0,NE
VC_2288,NE,NE,0,NE
VC_2289,D,S,1,S
VC_2290,NE,NE,0,NE
VC_2291,NE,NE,0,NE
VC_2292,NE,NE,0,NE
VC_2293,NE,NE,0,NE
VC_2294,NE,NE,0,NE
VC_2295,NE,NE,0,NE
VC_2296,NE,NE,0,NE
VC_2297,NE,NE,0,NE
VC_2298,NE,NE,0,NE
VC_2299,NE,NE,0,NE
VC_2300,NE,NE,0,NE
VC_2301,NE,NE,0,NE
VC_2302,NE,NE,0,NE
VC_2303,NE,NE,0,NE
VC_2304,n/a,NE,0,NE
VC_2305,NE,NE,0,NE
VC_2306,n/a,NE,0,NE
VC_2307,NE,NE,0,NE
VC_2308,NE,NE,0,NE
VC_2309,NE,NE,0,NE
VC_2310,NE,NE,0,NE
VC_2311,NE,NE,0,NE
VC_2312,NE,NE,0,NE
VC_2313,n/a,NE,0,NE
VC_2314,NE,NE,0,NE
VC_2315,n/a,NE,0,NE
VC_2316,NE,NE,0,NE
VC_2317,n/a,NE,0,NE
VC_2318,n/a,NE,0,NE
VC_2319,NE,NE,0,NE
VC_2320,NE,NE,0,NE
VC_2321,n/a,NE,0,NE
VC_2322,NE,NE,0,NE
VC_2323,NE,NE,0,NE
VC_2324,NE,NE,0,NE
VC_2325,n/a,NE,0,NE
VC_2326,NE,NE,0,NE
VC_2327,n/a,NE,0,NE
VC_2328,n/a,NE,0,NE
VC_2329,E,E,1,E
VC_2330,NE,NE,0,NE
VC_2331,n/a,NE,1,NE
VC_2332,NE,NE,0,NE
VC_2333,NE,NE,0,NE
VC_2334,NE,NE,0,NE
VC_2335,NE,NE,0,NE
VC_2336,NE,NE,0,NE
VC_2337,NE,NE,0,NE
VC_2338,NE,NE,0,NE
VC_2339,NE,NE,0,NE
VC_2340,NE,NE,0,NE
VC_2341,NE,NE,0,NE
VC_2342,E,E,1,E
VC_2343,NE,NE,0,NE
VC_2344,NE,NE,0,NE
VC_2345,NE,NE,0,NE
VC_2346,NE,NE,0,NE
VC_2347,NE,NE,0,NE
VC_2348,NE,NE,0,NE
VC_2349,NE,NE,0,NE
VC_2350,NE,NE,0,NE
VC_2351,n/a,NE,0,NE
VC_2352,NE,NE,0,NE
VC_2353,NE,NE,0,NE
VC_2354,n/a,NE,0,NE
VC_2355,NE,NE,0,NE
VC_2356,NE,NE,0,NE
VC_2357,NE,NE,0,NE
VC_2358,NE,NE,0,NE
VC_2359,NE,NE,0,NE
VC_2360,NE,NE,0,NE
VC_2361,NE,NE,0,NE
VC_2362,NE,NE,0,NE
VC_2363,NE,NE,0,NE
VC_2364,NE,NE,0,NE
VC_2364.1,n/a,NE,0,NE
VC_2365,NE,NE,0,NE
VC_2366,NE,NE,0,NE
VC_2367,NE,NE,0,NE
VC_2368,NE,NE,0,NE
VC_2369,D,NE,0,NE
VC_2370,NE,NE,0,NE
VC_2371,NE,NE,0,NE
VC_2372,n/a,NE,0,NE
VC_2373,NE,NE,0,NE
VC_2374,NE,NE,0,NE
VC_2375,n/a,NE,0,NE
VC_2376,NE,NE,0,NE
VC_2377,NE,NE,0,NE
VC_2378,NE,NE,0,NE
VC_2379,D,NE,1,NE
VC_2380,NE,NE,0,NE
VC_2381,NE,NE,0,NE
VC_2382,NE,NE,0,NE
VC_2383,NE,NE,0,NE
VC_2384,D,D,0,D
VC_2385,D,D,1,D
VC_2386,E,S,1,S
VC_2387,D,S,1,S
VC_2388,NE,NE,0,NE
VC_2389,NE,NE,0,NE
VC_2390,NE,NE,0,NE
VC_2391,D,S,1,S
VC_2392,NE,NE,0,NE
VC_2393,n/a,NE,0,NE
VC_2394,D,E,1,E
VC_2395,D,E,1,E
VC_2396,E,E,1,E
VC_2397,E,E,1,E
VC_2398,D,E,1,E
VC_2399,E,E,1,E
VC_2400,E,E,1,E
VC_2401,E,E,1,E
VC_2402,D,E,1,E
VC_2403,E,E,1,E
VC_2404,D,E,1,E
VC_2405,E,E,1,E
VC_2406,E,E,1,E
VC_2407,E,E,1,E
VC_2408,D,E,1,E
VC_2409,D,E,1,E
VC_2410,n/a,S,1,S
VC_2411,n/a,S,0,S
VC_2412,D,S,0,S
VC_2413,NE,NE,0,NE
VC_2414,NE,NE,0,NE
VC_2415,NE,NE,0,NE
VC_2416,NE,NE,0,NE
VC_2417,NE,NE,0,NE
VC_2418,NE,NE,0,NE
VC_2419,NE,NE,0,NE
VC_2420,NE,NE,0,NE
VC_2421,NE,NE,0,NE
VC_2422,NE,NE,0,NE
VC_2423,NE,NE,0,NE
VC_2424,NE,NE,0,NE
VC_2425,NE,NE,0,NE
VC_2426,D,D,1,D
VC_2427,D,E,1,E
VC_2428,NE,NE,0,NE
VC_2429,n/a,NE,0,NE
VC_2430,E,E,1,E
VC_2431,E,E,1,E
VC_2432,NE,NE,0,NE
VC_2433,NE,NE,0,NE
VC_2434,NE,NE,0,NE
VC_2435,NE,NE,0,NE
VC_2436,NE,NE,0,NE
VC_2437,NE,NE,0,NE
VC_2438,NE,NE,0,NE
VC_2439,NE,NE,0,NE
VC_2440,NE,NE,0,NE
VC_2441,NE,NE,0,NE
VC_2442,NE,NE,0,NE
VC_2443,NE,NE,0,NE
VC_2444,NE,NE,0,NE
VC_2445,NE,NE,0,NE
VC_2446,NE,NE,0,NE
VC_2447,E,E,1,E
VC_2448,E,E,1,E
VC_2449,n/a,NE,0,NE
VC_2450,NE,NE,0,NE
VC_2451,NE,NE,0,NE
VC_2452,NE,NE,0,NE
VC_2453,D,NE,0,NE
VC_2454,NE,NE,0,NE
VC_2455,NE,NE,0,NE
VC_2456,NE,NE,0,NE
VC_2457,E,E,1,E
VC_2458,E,E,1,E
VC_2459,NE,NE,0,NE
VC_2460,E,E,1,E
VC_2461,D,E,1,E
VC_2462,E,E,1,E
VC_2463,NE,NE,0,NE
VC_2464,D,E,1,E
VC_2465,NE,NE,0,NE
VC_2466,NE,S,0,S
VC_2467,D,S,1,S
VC_2468,n/a,NE,0,NE
VC_2469,NE,NE,0,NE
VC_2470,NE,NE,0,NE
VC_2471,NE,NE,0,NE
VC_2472,D,S,1,S
VC_2473,NE,S,0,S
VC_2474,D,S,1,S
VC_2475,D,E,1,E
VC_2476,NE,NE,0,NE
VC_2477,n/a,NE,0,NE
VC_2478,NE,NE,0,NE
VC_2479,NE,NE,0,NE
VC_2480,NE,NE,0,NE
VC_2481,NE,NE,0,NE
VC_2482,NE,NE,0,NE
VC_2483,NE,NE,0,NE
VC_2484,NE,NE,0,NE
VC_2485,NE,NE,0,NE
VC_2486,n/a,NE,0,NE
VC_2487,NE,NE,0,NE
VC_2488,NE,NE,0,NE
VC_2489,NE,NE,0,NE
VC_2490,NE,NE,0,NE
VC_2491,NE,NE,0,NE
VC_2492,NE,NE,0,NE
VC_2493,NE,NE,0,NE
VC_2494,D,NE,0,NE
VC_2495,Duplicated Gene,,,Duplicated Gene
VC_2496,Duplicated Gene,,,Duplicated Gene
VC_2497,NE,NE,0,NE
VC_2498,NE,NE,0,NE
VC_2499,D,E,1,E
VC_2500,E,E,1,E
VC_2501,NE,NE,0,NE
VC_2502,NE,NE,0,NE
VC_2503,D,E,1,E
VC_2504,NE,NE,0,NE
VC_2505,NE,NE,0,NE
VC_2506,NE,NE,0,NE
VC_2507,NE,NE,0,NE
VC_2508,NE,NE,0,NE
VC_2509,n/a,NE,1,NE
VC_2510,NE,NE,0,NE
VC_2511,NE,NE,0,NE
VC_2512,NE,NE,0,NE
VC_2513,D,E,1,E
VC_2514,E,E,1,E
VC_2515,NE,NE,0,NE
VC_2516,NE,NE,0,NE
VC_2517,NE,NE,0,NE
VC_2518,NE,NE,0,NE
VC_2519,NE,NE,0,NE
VC_2520,NE,NE,0,NE
VC_2521,n/a,NE,0,NE
VC_2522,NE,NE,0,NE
VC_2523,D,D,1,D
VC_2524,D,D,1,D
VC_2525,D,E,1,E
VC_2527,E,E,1,E
VC_2528,n/a,E,1,E
VC_2529,NE,NE,0,NE
VC_2530,NE,NE,0,NE
VC_2531,NE,NE,0,NE
VC_2532,NE,NE,0,NE
VC_2533,NE,NE,0,NE
VC_2534,NE,NE,0,NE
VC_2535,NE,NE,0,NE
VC_2536,NE,NE,0,NE
VC_2537,NE,NE,0,NE
VC_2538,NE,NE,0,NE
VC_2539,NE,NE,0,NE
VC_2540,NE,NE,0,NE
VC_2541,NE,NE,1,NE
VC_2542,NE,NE,0,NE
VC_2543,NE,NE,1,NE
VC_2544,NE,NE,0,NE
VC_2545,E,E,1,E
VC_2546,NE,NE,0,NE
VC_2547,NE,NE,0,NE
VC_2548,NE,NE,0,NE
VC_2549,NE,NE,0,NE
VC_2550,NE,NE,0,NE
VC_2551,NE,NE,0,NE
VC_2552,NE,NE,0,NE
VC_2553,NE,NE,0,NE
VC_2554,NE,NE,0,NE
VC_2555,NE,NE,0,NE
VC_2556,NE,NE,0,NE
VC_2557,NE,NE,0,NE
VC_2558,NE,NE,0,NE
VC_2559,NE,NE,0,NE
VC_2560,NE,NE,0,NE
VC_2561,NE,NE,0,NE
VC_2562,NE,NE,0,NE
VC_2563,NE,NE,0,NE
VC_2564,NE,NE,0,NE
VC_2565,NE,NE,0,NE
VC_2566,NE,NE,0,NE
VC_2567,NE,NE,0,NE
VC_2568,NE,NE,0,NE
VC_2569,NE,NE,0,NE
VC_2570,E,E,1,E
VC_2571,E,E,1,E
VC_2572,E,E,1,E
VC_2573,E,E,1,E
VC_2574,E,E,1,E
VC_2575,n/a,E,1,E
VC_2576,E,E,1,E
VC_2577,E,E,1,E
VC_2578,n/a,E,1,E
VC_2579,E,E,1,E
VC_2580,E,E,1,E
VC_2581,E,E,1,E
VC_2582,E,E,1,E
VC_2583,NE,E,1,E
VC_2584,E,E,1,E
VC_2585,E,E,1,E
VC_2586,E,E,1,E
VC_2587,E,E,1,E
VC_2588,n/a,E,1,E
VC_2589,E,E,1,E
VC_2590,E,E,1,E
VC_2591,E,E,1,E
VC_2592,E,E,1,E
VC_2593,E,E,1,E
VC_2594,E,E,1,E
VC_2595,E,E,1,E
VC_2596,E,E,1,E
VC_2597,E,E,1,E
VC_2598,NE,NE,0,NE
VC_2599,NE,NE,0,NE
VC_2600,NE,NE,0,NE
VC_2601,NE,NE,0,NE
VC_2602,E,E,1,E
VC_2603,NE,NE,0,NE
VC_2604,NE,NE,0,NE
VC_2605,n/a,NE,0,NE
VC_2606,NE,NE,0,NE
VC_2607,NE,NE,0,NE
VC_2608,NE,NE,0,NE
VC_2609,NE,NE,0,NE
VC_2610,NE,NE,0,NE
VC_2611,n/a,NE,0,NE
VC_2612,n/a,NE,0,NE
VC_2613,NE,NE,0,NE
VC_2614,NE,NE,0,NE
VC_2615,NE,NE,0,NE
VC_2616,NE,NE,0,NE
VC_2617,NE,NE,0,NE
VC_2618,D,D,0,D
VC_2619,NE,NE,0,NE
VC_2620,NE,NE,0,NE
VC_2621,NE,NE,0,NE
VC_2622,NE,NE,0,NE
VC_2623,E,E,1,E
VC_2624,NE,NE,0,NE
VC_2625,NE,NE,0,NE
VC_2626,E,E,1,E
VC_2627,NE,NE,0,NE
VC_2628,NE,NE,0,NE
VC_2629,NE,NE,0,NE
VC_2630,NE,NE,0,NE
VC_2631,NE,NE,0,NE
VC_2632,NE,NE,0,NE
VC_2633,NE,NE,0,NE
VC_2634,NE,NE,0,NE
VC_2635,NE,NE,0,NE
VC_2636,NE,NE,0,NE
VC_2637,NE,NE,0,NE
VC_2638,NE,NE,0,NE
VC_2639,n/a,NE,0,NE
VC_2640,NE,NE,0,NE
VC_2641,NE,NE,0,NE
VC_2642,NE,NE,0,NE
VC_2643,NE,NE,0,NE
VC_2644,NE,NE,0,NE
VC_2645,NE,NE,0,NE
VC_2646,NE,NE,0,NE
VC_2647,NE,NE,0,NE
VC_2648,n/a,NE,0,NE
VC_2649,D,D,1,D
VC_2650,NE,NE,0,NE
VC_2651,D,E,1,E
VC_2652,n/a,NE,0,NE
VC_2653,NE,NE,0,NE
VC_2654,NE,NE,0,NE
VC_2655,D,NE,0,NE
VC_2656,NE,NE,0,NE
VC_2657,NE,NE,0,NE
VC_2658,NE,NE,0,NE
VC_2659,NE,NE,0,NE
VC_2660,NE,S,0,S
VC_2661,NE,S,0,S
VC_2662,NE,NE,0,NE
VC_2663,n/a,NE,0,NE
VC_2664,E,E,1,E
VC_2665,n/a,E,1,E
VC_2666,NE,NE,0,NE
VC_2667,NE,NE,0,NE
VC_2668,NE,NE,0,NE
VC_2669,NE,NE,0,NE
VC_2670,NE,S,0,S
VC_2671,NE,NE,0,NE
VC_2672,NE,NE,0,NE
VC_2673,NE,NE,0,NE
VC_2674,NE,NE,0,NE
VC_2675,NE,NE,0,NE
VC_2676,E,E,1,E
VC_2677,NE,NE,0,NE
VC_2678,D,E,1,E
VC_2679,n/a,S,0,S
VC_2680,n/a,NE,0,NE
VC_2681,NE,NE,0,NE
VC_2682,NE,NE,0,NE
VC_2683,NE,NE,0,NE
VC_2684,NE,NE,0,NE
VC_2685,NE,NE,0,NE
VC_2686,n/a,NE,1,NE
VC_2687,n/a,NE,0,NE
VC_2688,NE,NE,0,NE
VC_2689,D,S,0,S
VC_2690,NE,NE,0,NE
VC_2691,NE,NE,1,NE
VC_2692,NE,NE,0,NE
VC_2693,NE,NE,0,NE
VC_2694,NE,NE,0,NE
VC_2695,NE,NE,0,NE
VC_2696,NE,NE,0,NE
VC_2697,NE,NE,0,NE
VC_2698,NE,NE,0,NE
VC_2699,NE,NE,0,NE
VC_2700,NE,NE,0,NE
VC_2701,NE,NE,0,NE
VC_2702,NE,NE,0,NE
VC_2703,NE,NE,0,NE
VC_2704,NE,NE,0,NE
VC_2705,NE,NE,0,NE
VC_2706,NE,NE,0,NE
VC_2707,n/a,NE,1,NE
VC_2708,E,E,1,E
VC_2709,NE,NE,0,NE
VC_2710,D,D,1,D
VC_2711,NE,NE,0,NE
VC_2712,NE,NE,0,NE
VC_2713,NE,NE,0,NE
VC_2714,NE,NE,0,NE
VC_2715,NE,NE,0,NE
VC_2716,NE,NE,0,NE
VC_2717,NE,NE,0,NE
VC_2718,NE,NE,0,NE
VC_2719,NE,NE,0,NE
VC_2720,NE,NE,0,NE
VC_2721,NE,NE,0,NE
VC_2722,NE,NE,0,NE
VC_2723,NE,NE,0,NE
VC_2724,NE,S,0,S
VC_2725,D,S,1,S
VC_2726,D,S,1,S
VC_2727,D,S,1,S
VC_2728,n/a,S,1,S
VC_2729,NE,S,0,S
VC_2730,E,S,1,S
VC_2731,D,E,1,E
VC_2732,E,E,1,E
VC_2733,D,E,1,E
VC_2734,D,D,0,D
VC_2735,NE,NE,0,NE
VC_2736,NE,NE,0,NE
VC_2737,n/a,NE,0,NE
VC_2738,NE,NE,0,NE
VC_2739,NE,NE,0,NE
VC_2740,NE,NE,0,NE
VC_2741,NE,NE,0,NE
VC_2742,NE,NE,0,NE
VC_2743,NE,NE,0,NE
VC_2744,NE,NE,0,NE
VC_2745,NE,NE,0,NE
VC_2746,NE,NE,0,NE
VC_2747,NE,NE,0,NE
VC_2748,NE,NE,0,NE
VC_2749,NE,NE,0,NE
VC_2750,NE,NE,0,NE
VC_2751,NE,NE,0,NE
VC_2752,Duplicated Gene,,,Duplicated Gene
VC_2753,n/a,S,0,S
VC_2754,n/a,S,1,S
VC_2755,D,S,1,S
VC_2756,NE,NE,0,NE
VC_2757,NE,NE,0,NE
VC_2758,NE,NE,0,NE
VC_2759,NE,NE,0,NE
VC_2760,NE,NE,0,NE
VC_2761,NE,NE,0,NE
VC_2762,E,E,1,E
VC_2763,D,E,1,E
VC_2764,D,E,1,E
VC_2765,D,E,1,E
VC_2766,D,E,1,E
VC_2767,D,E,1,E
VC_2768,n/a,E,1,E
VC_2769,E,E,1,E
VC_2770,E,E,1,E
VC_2771,D,D,1,D
VC_2772,NE,NE,0,NE
VC_2773,NE,NE,0,NE
VC_2774,NE,NE,0,NE
VC_2775,NE,NE,0,NE
VC_A0001,n/a,NE,0,NE
VC_A0002,D,D,1,D
VC_A0003,NE,NE,0,NE
VC_A0004,n/a,NE,0,NE
VC_A0005,NE,NE,0,NE
VC_A0006,NE,NE,0,NE
VC_A0007,NE,NE,0,NE
VC_A0008,NE,NE,0,NE
VC_A0009,n/a,NE,0,NE
VC_A0010,NE,NE,0,NE
VC_A0011,NE,NE,0,NE
VC_A0012,n/a,NE,0,NE
VC_A0013,NE,NE,0,NE
VC_A0014,NE,NE,0,NE
VC_A0015,NE,NE,0,NE
VC_A0016,NE,NE,0,NE
VC_A0017,NE,NE,0,NE
VC_A0018,NE,NE,0,NE
VC_A0019,NE,NE,0,NE
VC_A0020,NE,NE,0,NE
VC_A0021,NE,NE,0,NE
VC_A0022,NE,NE,0,NE
VC_A0023,NE,NE,0,NE
VC_A0024,NE,NE,0,NE
VC_A0025,NE,NE,0,NE
VC_A0026,NE,NE,0,NE
VC_A0027,NE,NE,0,NE
VC_A0028,NE,NE,0,NE
VC_A0029,NE,NE,0,NE
VC_A0030,NE,NE,0,NE
VC_A0031,NE,NE,0,NE
VC_A0032,NE,NE,0,NE
VC_A0033,NE,NE,0,NE
VC_A0034,NE,NE,0,NE
VC_A0035,NE,NE,0,NE
VC_A0036,NE,NE,0,NE
VC_A0037,NE,NE,0,NE
VC_A0038,NE,NE,0,NE
VC_A0039,NE,NE,0,NE
VC_A0040,NE,NE,0,NE
VC_A0041,NE,NE,0,NE
VC_A0042,NE,NE,0,NE
VC_A0043,NE,NE,0,NE
VC_A0044,D,NE,0,NE
VC_A0046,n/a,NE,0,NE
VC_A0047,NE,NE,0,NE
VC_A0048,NE,NE,0,NE
VC_A0049,NE,NE,0,NE
VC_A0050,NE,NE,0,NE
VC_A0051,NE,NE,0,NE
VC_A0052,NE,NE,0,NE
VC_A0053,NE,NE,0,NE
VC_A0054,n/a,NE,0,NE
VC_A0055,NE,NE,0,NE
VC_A0056,NE,NE,0,NE
VC_A0057,NE,NE,0,NE
VC_A0058,NE,NE,0,NE
VC_A0059,NE,NE,0,NE
VC_A0060,n/a,NE,0,NE
VC_A0061,D,D,1,D
VC_A0062,n/a,NE,0,NE
VC_A0063,NE,NE,0,NE
VC_A0064,NE,NE,0,NE
VC_A0065,NE,NE,0,NE
VC_A0066,NE,NE,0,NE
VC_A0067,NE,NE,0,NE
VC_A0068,NE,NE,0,NE
VC_A0069,n/a,NE,0,NE
VC_A0070,NE,NE,0,NE
VC_A0071,NE,NE,0,NE
VC_A0072,NE,NE,0,NE
VC_A0073,NE,NE,0,NE
VC_A0074,NE,NE,0,NE
VC_A0075,NE,NE,0,NE
VC_A0076,NE,NE,0,NE
VC_A0077,NE,NE,0,NE
VC_A0078,NE,NE,0,NE
VC_A0079,NE,NE,0,NE
VC_A0080,NE,NE,0,NE
VC_A0081,n/a,NE,1,NE
VC_A0082,NE,NE,0,NE
VC_A0083,NE,NE,0,NE
VC_A0084,NE,NE,0,NE
VC_A0085,NE,NE,0,NE
VC_A0086,NE,NE,0,NE
VC_A0087,n/a,NE,0,NE
VC_A0088,NE,NE,0,NE
VC_A0089,n/a,NE,1,NE
VC_A0090,NE,NE,0,NE
VC_A0091,NE,NE,0,NE
VC_A0092,NE,NE,0,NE
VC_A0093,n/a,NE,0,NE
VC_A0094,NE,E,1,E
VC_A0095,NE,D,0,D
VC_A0096,NE,NE,0,NE
VC_A0097,NE,NE,0,NE
VC_A0098,NE,NE,0,NE
VC_A0099,NE,NE,0,NE
VC_A0100,NE,NE,0,NE
VC_A0101,NE,NE,0,NE
VC_A0102,NE,NE,0,NE
VC_A0103,NE,NE,0,NE
VC_A0104,NE,NE,0,NE
VC_A0105,NE,NE,0,NE
VC_A0106,D,NE,0,NE
VC_A0107,NE,NE,0,NE
VC_A0108,NE,NE,0,NE
VC_A0109,NE,NE,0,NE
VC_A0110,NE,NE,0,NE
VC_A0111,NE,NE,0,NE
VC_A0112,NE,NE,0,NE
VC_A0113,NE,NE,0,NE
VC_A0114,NE,NE,0,NE
VC_A0115,NE,NE,0,NE
VC_A0116,NE,NE,0,NE
VC_A0117,NE,NE,0,NE
VC_A0118,NE,NE,0,NE
VC_A0119,NE,NE,0,NE
VC_A0120,NE,NE,0,NE
VC_A0121,NE,NE,0,NE
VC_A0122,NE,NE,0,NE
VC_A0123,D,NE,0,NE
VC_A0124,D,S,1,S
VC_A0125,NE,NE,0,NE
VC_A0126,n/a,NE,0,NE
VC_A0127,NE,NE,0,NE
VC_A0128,NE,NE,0,NE
VC_A0129,NE,NE,0,NE
VC_A0130,NE,NE,0,NE
VC_A0131,NE,NE,0,NE
VC_A0132,NE,NE,0,NE
VC_A0133,NE,NE,0,NE
VC_A0134,NE,NE,0,NE
VC_A0135,NE,NE,0,NE
VC_A0136,NE,NE,0,NE
VC_A0137,NE,NE,0,NE
VC_A0138,n/a,NE,1,NE
VC_A0139,NE,NE,0,NE
VC_A0140,NE,NE,0,NE
VC_A0141,NE,NE,0,NE
VC_A0142,NE,NE,0,NE
VC_A0143,n/a,NE,1,NE
VC_A0144,NE,NE,0,NE
VC_A0145,n/a,NE,0,NE
VC_A0146,NE,NE,0,NE
VC_A0147,NE,NE,0,NE
VC_A0148,NE,NE,0,NE
VC_A0149,n/a,NE,0,NE
VC_A0150,NE,NE,0,NE
VC_A0151,NE,NE,0,NE
VC_A0152,NE,NE,0,NE
VC_A0153,NE,NE,0,NE
VC_A0154,NE,NE,0,NE
VC_A0155,NE,NE,0,NE
VC_A0156,NE,NE,0,NE
VC_A0157,NE,NE,0,NE
VC_A0158,n/a,NE,0,NE
VC_A0159,NE,NE,0,NE
VC_A0160,NE,NE,0,NE
VC_A0161,NE,NE,0,NE
VC_A0161.1,n/a,NE,0,NE
VC_A0162,n/a,E,1,E
VC_A0163,n/a,NE,0,NE
VC_A0164,NE,NE,0,NE
VC_A0165,NE,NE,0,NE
VC_A0166,n/a,NE,1,NE
VC_A0167,NE,NE,0,NE
VC_A0168,NE,NE,0,NE
VC_A0169,NE,NE,0,NE
VC_A0170,NE,NE,0,NE
VC_A0171,NE,NE,0,NE
VC_A0172,NE,NE,0,NE
VC_A0173,NE,NE,0,NE
VC_A0174,NE,NE,0,NE
VC_A0175,NE,NE,0,NE
VC_A0176,NE,NE,0,NE
VC_A0177,n/a,NE,0,NE
VC_A0178,NE,NE,0,NE
VC_A0179,NE,NE,0,NE
VC_A0180,NE,NE,0,NE
VC_A0181,NE,NE,0,NE
VC_A0182,NE,NE,0,NE
VC_A0183,NE,NE,0,NE
VC_A0184,n/a,NE,0,NE
VC_A0185,NE,NE,0,NE
VC_A0186,NE,NE,0,NE
VC_A0187,n/a,NE,0,NE
VC_A0188,NE,NE,0,NE
VC_A0189,NE,NE,0,NE
VC_A0190,NE,NE,0,NE
VC_A0191,NE,NE,0,NE
VC_A0192,NE,NE,0,NE
VC_A0193,NE,NE,0,NE
VC_A0194,NE,NE,0,NE
VC_A0195,NE,NE,0,NE
VC_A0196,D,NE,0,NE
VC_A0197,NE,NE,0,NE
VC_A0198,NE,NE,0,NE
VC_A0199,D,D,1,D
VC_A0200,D,D,0,D
VC_A0201,E,D,1,D
VC_A0202,Duplicated Gene,,,Duplicated Gene
VC_A0203,Duplicated Gene,,,Duplicated Gene
VC_A0204,NE,NE,0,NE
VC_A0205,NE,NE,0,NE
VC_A0206,n/a,NE,1,NE
VC_A0207,E,E,1,E
VC_A0208,E,E,1,E
VC_A0209,n/a,NE,0,NE
VC_A0210,NE,NE,0,NE
VC_A0211,NE,NE,0,NE
VC_A0212,NE,NE,0,NE
VC_A0213,NE,NE,0,NE
VC_A0214,NE,NE,0,NE
VC_A0215,n/a,NE,1,NE
VC_A0216,NE,NE,0,NE
VC_A0217,NE,NE,0,NE
VC_A0218,NE,NE,0,NE
VC_A0219,NE,NE,0,NE
VC_A0220,NE,NE,0,NE
VC_A0221,NE,NE,0,NE
VC_A0222,NE,NE,0,NE
VC_A0223,NE,NE,0,NE
VC_A0224,D,S,0,S
VC_A0225,NE,NE,0,NE
VC_A0226,n/a,NE,0,NE
VC_A0227,NE,NE,0,NE
VC_A0228,NE,NE,0,NE
VC_A0229,NE,NE,0,NE
VC_A0230,NE,NE,0,NE
VC_A0231,NE,NE,0,NE
VC_A0232,NE,NE,0,NE
VC_A0233,NE,NE,0,NE
VC_A0234,n/a,NE,0,NE
VC_A0235,NE,NE,0,NE
VC_A0236,NE,NE,0,NE
VC_A0237,NE,NE,0,NE
VC_A0238,NE,NE,0,NE
VC_A0239,NE,NE,0,NE
VC_A0240,NE,NE,0,NE
VC_A0241,NE,NE,0,NE
VC_A0242,NE,NE,0,NE
VC_A0243,NE,NE,0,NE
VC_A0244,NE,NE,0,NE
VC_A0245,NE,NE,0,NE
VC_A0246,NE,NE,0,NE
VC_A0247,NE,NE,0,NE
VC_A0248,NE,NE,0,NE
VC_A0249,NE,NE,0,NE
VC_A0250,NE,NE,0,NE
VC_A0251,n/a,NE,0,NE
VC_A0252,n/a,NE,1,NE
VC_A0253,NE,NE,0,NE
VC_A0254,NE,NE,0,NE
VC_A0255,NE,NE,0,NE
VC_A0256,NE,NE,0,NE
VC_A0257,NE,NE,0,NE
VC_A0258,NE,NE,0,NE
VC_A0259,n/a,NE,0,NE
VC_A0260,n/a,NE,0,NE
VC_A0261,NE,NE,0,NE
VC_A0262,NE,NE,0,NE
VC_A0263,NE,NE,0,NE
VC_A0264,NE,NE,0,NE
VC_A0265,NE,NE,0,NE
VC_A0266,NE,NE,0,NE
VC_A0267,NE,NE,0,NE
VC_A0268,NE,NE,0,NE
VC_A0269,NE,NE,0,NE
VC_A0270,NE,NE,0,NE
VC_A0271,NE,NE,0,NE
VC_A0272,NE,NE,0,NE
VC_A0273,n/a,NE,0,NE
VC_A0274,NE,NE,0,NE
VC_A0275,Duplicated Gene,,,Duplicated Gene
VC_A0276,NE,NE,0,NE
VC_A0277,NE,NE,0,NE
VC_A0278,NE,NE,0,NE
VC_A0279,NE,NE,0,NE
VC_A0280,NE,NE,0,NE
VC_A0281,NE,NE,0,NE
VC_A0282,Duplicated Gene,,,Duplicated Gene
VC_A0283,NE,NE,0,NE
VC_A0284,NE,NE,0,NE
VC_A0285,NE,NE,0,NE
VC_A0286,NE,NE,0,NE
VC_A0287,E,E,1,E
VC_A0288,E,E,1,E
VC_A0289,n/a,E,1,E
VC_A0290,E,E,1,E
VC_A0291,NE,NE,0,NE
VC_A0292,Duplicated Gene,,,Duplicated Gene
VC_A0293,Duplicated Gene,,,Duplicated Gene
VC_A0294,NE,NE,0,NE
VC_A0295,n/a,NE,0,NE
VC_A0296,Duplicated Gene,,,Duplicated Gene
VC_A0297,Duplicated Gene,,,Duplicated Gene
VC_A0298,Duplicated Gene,,,Duplicated Gene
VC_A0299,NE,NE,0,NE
VC_A0300,NE,NE,0,NE
VC_A0301,NE,NE,0,NE
VC_A0302,n/a,NE,0,NE
VC_A0303,Duplicated Gene,,,Duplicated Gene
VC_A0304,n/a,E,0,E
VC_A0306,n/a,E,0,E
VC_A0307,D,NE,0,NE
VC_A0308,NE,NE,0,NE
VC_A0309,NE,NE,0,NE
VC_A0310,NE,D,1,D
VC_A0311,Duplicated Gene,,,Duplicated Gene
VC_A0312,Duplicated Gene,,,Duplicated Gene
VC_A0313,NE,NE,0,NE
VC_A0314,Duplicated Gene,,,Duplicated Gene
VC_A0315,Duplicated Gene,,,Duplicated Gene
VC_A0316,Duplicated Gene,,,Duplicated Gene
VC_A0317,Duplicated Gene,,,Duplicated Gene
VC_A0318,Duplicated Gene,,,Duplicated Gene
VC_A0319,Duplicated Gene,,,Duplicated Gene
VC_A0320,Duplicated Gene,,,Duplicated Gene
VC_A0321,n/a,E,1,E
VC_A0322,NE,NE,0,NE
VC_A0323,NE,NE,0,NE
VC_A0324,NE,D,1,D
VC_A0325,NE,NE,0,NE
VC_A0326,Duplicated Gene,,,Duplicated Gene
VC_A0327,Duplicated Gene,,,Duplicated Gene
VC_A0328,Duplicated Gene,,,Duplicated Gene
VC_A0329,Duplicated Gene,,,Duplicated Gene
VC_A0330,NE,NE,0,NE
VC_A0331,NE,NE,0,NE
VC_A0332,NE,NE,0,NE
VC_A0333,NE,NE,1,NE
VC_A0334,D,D,1,D
VC_A0335,n/a,E,1,E
VC_A0336,Duplicated Gene,,,Duplicated Gene
VC_A0337,Duplicated Gene,,,Duplicated Gene
VC_A0338,Duplicated Gene,,,Duplicated Gene
VC_A0339,NE,NE,0,NE
VC_A0340,NE,NE,0,NE
VC_A0341,Duplicated Gene,,,Duplicated Gene
VC_A0342,Duplicated Gene,,,Duplicated Gene
VC_A0343,Duplicated Gene,,,Duplicated Gene
VC_A0344,Duplicated Gene,,,Duplicated Gene
VC_A0345,NE,D,0,D
VC_A0346,NE,NE,0,NE
VC_A0347,Duplicated Gene,,,Duplicated Gene
VC_A0348,Duplicated Gene,,,Duplicated Gene
VC_A0349,Duplicated Gene,,,Duplicated Gene
VC_A0350,Duplicated Gene,,,Duplicated Gene
VC_A0351,NE,NE,0,NE
VC_A0352,n/a,E,1,E
VC_A0353,Duplicated Gene,,,Duplicated Gene
VC_A0354,NE,NE,0,NE
VC_A0355,NE,NE,0,NE
VC_A0356,NE,NE,0,NE
VC_A0357,Duplicated Gene,,,Duplicated Gene
VC_A0358,NE,NE,0,NE
VC_A0359,NE,NE,0,NE
VC_A0360,D,D,1,D
VC_A0361,D,D,0,D
VC_A0362,Duplicated Gene,,,Duplicated Gene
VC_A0363,D,E,1,E
VC_A0364,Duplicated Gene,,,Duplicated Gene
VC_A0365,Duplicated Gene,,,Duplicated Gene
VC_A0366,NE,NE,0,NE
VC_A0367,NE,NE,0,NE
VC_A0368,NE,NE,0,NE
VC_A0369,Duplicated Gene,,,Duplicated Gene
VC_A0370,Duplicated Gene,,,Duplicated Gene
VC_A0371,Duplicated Gene,,,Duplicated Gene
VC_A0372,Duplicated Gene,,,Duplicated Gene
VC_A0373,n/a,NE,0,NE
VC_A0374,D,D,0,D
VC_A0375,NE,NE,0,NE
VC_A0376,Duplicated Gene,,,Duplicated Gene
VC_A0377,Duplicated Gene,,,Duplicated Gene
VC_A0378,Duplicated Gene,,,Duplicated Gene
VC_A0379,Duplicated Gene,,,Duplicated Gene
VC_A0380,NE,NE,0,NE
VC_A0381,Duplicated Gene,,,Duplicated Gene
VC_A0382,NE,NE,1,NE
VC_A0383,n/a,E,1,E
VC_A0384,n/a,E,1,E
VC_A0385,Duplicated Gene,,,Duplicated Gene
VC_A0386,Duplicated Gene,,,Duplicated Gene
VC_A0387,NE,NE,0,NE
VC_A0388,NE,NE,0,NE
VC_A0389,NE,NE,0,NE
VC_A0390,n/a,E,1,E
VC_A0391,NE,NE,0,NE
VC_A0392,E,E,1,E
VC_A0393,Duplicated Gene,,,Duplicated Gene
VC_A0394,Duplicated Gene,,,Duplicated Gene
VC_A0395,NE,NE,0,NE
VC_A0396,NE,NE,0,NE
VC_A0397,Duplicated Gene,,,Duplicated Gene
VC_A0398,n/a,NE,0,NE
VC_A0399,D,NE,0,NE
VC_A0400,Duplicated Gene,,,Duplicated Gene
VC_A0401,Duplicated Gene,,,Duplicated Gene
VC_A0402,NE,NE,0,NE
VC_A0403,NE,NE,0,NE
VC_A0404,n/a,E,0,E
VC_A0405,D,D,1,D
VC_A0406,Duplicated Gene,,,Duplicated Gene
VC_A0407,n/a,NE,0,NE
VC_A0408,Duplicated Gene,,,Duplicated Gene
VC_A0409,NE,NE,0,NE
VC_A0410,NE,NE,0,NE
VC_A0411,n/a,NE,0,NE
VC_A0412,n/a,S,1,S
VC_A0413,D,D,1,D
VC_A0414,NE,NE,0,NE
VC_A0415,NE,NE,0,NE
VC_A0416,NE,NE,0,NE
VC_A0417,Duplicated Gene,,,Duplicated Gene
VC_A0418,Duplicated Gene,,,Duplicated Gene
VC_A0419,NE,NE,0,NE
VC_A0420,Duplicated Gene,,,Duplicated Gene
VC_A0421,NE,NE,0,NE
VC_A0422,NE,NE,0,NE
VC_A0423,NE,NE,0,NE
VC_A0424,NE,NE,1,NE
VC_A0425,NE,NE,0,NE
VC_A0426,NE,NE,0,NE
VC_A0427,Duplicated Gene,,,Duplicated Gene
VC_A0428,Duplicated Gene,,,Duplicated Gene
VC_A0429,n/a,E,1,E
VC_A0430,Duplicated Gene,,,Duplicated Gene
VC_A0431,Duplicated Gene,,,Duplicated Gene
VC_A0432,NE,NE,0,NE
VC_A0433,NE,NE,0,NE
VC_A0434,n/a,E,1,E
VC_A0435,Duplicated Gene,,,Duplicated Gene
VC_A0436,NE,NE,0,NE
VC_A0437,Duplicated Gene,,,Duplicated Gene
VC_A0438,Duplicated Gene,,,Duplicated Gene
VC_A0439,Duplicated Gene,,,Duplicated Gene
VC_A0440,D,NE,0,NE
VC_A0441,D,D,0,D
VC_A0442,Duplicated Gene,,,Duplicated Gene
VC_A0443,Duplicated Gene,,,Duplicated Gene
VC_A0444,NE,NE,0,NE
VC_A0445,NE,NE,1,NE
VC_A0446,n/a,NE,0,NE
VC_A0447,D,D,1,D
VC_A0448,Duplicated Gene,,,Duplicated Gene
VC_A0449,NE,NE,0,NE
VC_A0450,NE,NE,0,NE
VC_A0451,NE,NE,0,NE
VC_A0452,n/a,NE,0,NE
VC_A0453,NE,NE,0,NE
VC_A0454,D,D,1,D
VC_A0455,NE,NE,0,NE
VC_A0456,n/a,E,1,E
VC_A0457,NE,D,1,D
VC_A0458,NE,NE,0,NE
VC_A0459,NE,NE,0,NE
VC_A0460,Duplicated Gene,,,Duplicated Gene
VC_A0461,n/a,E,1,E
VC_A0462,n/a,NE,0,NE
VC_A0463,Duplicated Gene,,,Duplicated Gene
VC_A0464,Duplicated Gene,,,Duplicated Gene
VC_A0465,Duplicated Gene,,,Duplicated Gene
VC_A0466,n/a,NE,1,NE
VC_A0467,Duplicated Gene,,,Duplicated Gene
VC_A0468,NE,NE,0,NE
VC_A0469,NE,NE,0,NE
VC_A0470,NE,NE,0,NE
VC_A0471,n/a,E,1,E
VC_A0472,Duplicated Gene,,,Duplicated Gene
VC_A0473,NE,NE,0,NE
VC_A0474,Duplicated Gene,,,Duplicated Gene
VC_A0475,NE,NE,0,NE
VC_A0476,Duplicated Gene,,,Duplicated Gene
VC_A0477,E,E,1,E
VC_A0478,NE,NE,0,NE
VC_A0479,Duplicated Gene,,,Duplicated Gene
VC_A0480,n/a,E,0,E
VC_A0481,Duplicated Gene,,,Duplicated Gene
VC_A0482,Duplicated Gene,,,Duplicated Gene
VC_A0483,NE,NE,0,NE
VC_A0484,NE,NE,0,NE
VC_A0485,NE,NE,0,NE
VC_A0486,D,D,1,D
VC_A0487,NE,NE,0,NE
VC_A0488,E,E,1,E
VC_A0489,NE,NE,0,NE
VC_A0490,NE,NE,0,NE
VC_A0491,Duplicated Gene,,,Duplicated Gene
VC_A0492,Duplicated Gene,,,Duplicated Gene
VC_A0493,Duplicated Gene,,,Duplicated Gene
VC_A0494,n/a,NE,0,NE
VC_A0495,NE,NE,0,NE
VC_A0496,NE,NE,0,NE
VC_A0497,NE,NE,0,NE
VC_A0498,D,E,1,E
VC_A0499,Duplicated Gene,,,Duplicated Gene
VC_A0500,Duplicated Gene,,,Duplicated Gene
VC_A0501,NE,D,1,D
VC_A0502,Duplicated Gene,,,Duplicated Gene
VC_A0503,Duplicated Gene,,,Duplicated Gene
VC_A0504,Duplicated Gene,,,Duplicated Gene
VC_A0505,Duplicated Gene,,,Duplicated Gene
VC_A0506,Duplicated Gene,,,Duplicated Gene
VC_A0507,Duplicated Gene,,,Duplicated Gene
VC_A0508,Duplicated Gene,,,Duplicated Gene
VC_A0509,n/a,NE,0,NE
VC_A0510,NE,NE,0,NE
VC_A0511,NE,NE,0,NE
VC_A0512,NE,NE,0,NE
VC_A0513,NE,NE,0,NE
VC_A0514,NE,NE,0,NE
VC_A0515,n/a,NE,1,NE
VC_A0516,D,NE,0,NE
VC_A0517,NE,NE,0,NE
VC_A0518,NE,NE,0,NE
VC_A0519,NE,NE,0,NE
VC_A0520,NE,NE,0,NE
VC_A0521,NE,NE,0,NE
VC_A0522,NE,NE,0,NE
VC_A0523,D,D,0,D
VC_A0524,NE,NE,0,NE
VC_A0525,n/a,NE,0,NE
VC_A0526,NE,NE,0,NE
VC_A0527,NE,NE,0,NE
VC_A0528,E,E,1,E
VC_A0529,NE,NE,0,NE
VC_A0530,NE,NE,0,NE
VC_A0531,NE,NE,0,NE
VC_A0532,D,NE,0,NE
VC_A0533,NE,NE,0,NE
VC_A0534,NE,NE,0,NE
VC_A0535,NE,NE,0,NE
VC_A0536,NE,NE,0,NE
VC_A0537,NE,NE,0,NE
VC_A0538,NE,NE,0,NE
VC_A0539,NE,NE,0,NE
VC_A0540,NE,NE,0,NE
VC_A0541,n/a,NE,0,NE
VC_A0542,NE,NE,0,NE
VC_A0543,NE,NE,0,NE
VC_A0544,NE,NE,0,NE
VC_A0545,NE,NE,0,NE
VC_A0546,NE,NE,0,NE
VC_A0547,n/a,NE,0,NE
VC_A0548,n/a,NE,0,NE
VC_A0549,NE,NE,0,NE
VC_A0550,D,NE,0,NE
VC_A0551,NE,NE,0,NE
VC_A0552,D,NE,0,NE
VC_A0553,n/a,NE,1,NE
VC_A0554,NE,NE,0,NE
VC_A0555,n/a,NE,1,NE
VC_A0556,NE,NE,0,NE
VC_A0557,NE,NE,0,NE
VC_A0558,NE,NE,0,NE
VC_A0559,D,NE,0,NE
VC_A0560,NE,NE,0,NE
VC_A0561,NE,NE,0,NE
VC_A0562,NE,NE,0,NE
VC_A0563,NE,NE,0,NE
VC_A0564,NE,NE,0,NE
VC_A0565,D,E,1,E
VC_A0566,D,E,1,E
VC_A0567,NE,D,0,D
VC_A0568,NE,NE,0,NE
VC_A0569,n/a,S,1,S
VC_A0570,NE,S,1,S
VC_A0571,NE,S,0,S
VC_A0572,E,E,1,E
VC_A0573,NE,NE,0,NE
VC_A0574,NE,NE,0,NE
VC_A0575,NE,NE,0,NE
VC_A0576,D,D,0,D
VC_A0577,n/a,NE,0,NE
VC_A0578,NE,NE,0,NE
VC_A0579,NE,NE,0,NE
VC_A0580,NE,NE,0,NE
VC_A0581,NE,NE,0,NE
VC_A0582,NE,NE,0,NE
VC_A0583,NE,NE,0,NE
VC_A0584,NE,NE,0,NE
VC_A0585,NE,NE,0,NE
VC_A0586,NE,NE,0,NE
VC_A0587,NE,NE,0,NE
VC_A0588,NE,NE,0,NE
VC_A0589,NE,NE,0,NE
VC_A0590,NE,NE,0,NE
VC_A0591,NE,NE,0,NE
VC_A0592,NE,NE,0,NE
VC_A0593,NE,NE,0,NE
VC_A0594,NE,NE,0,NE
VC_A0595,NE,NE,0,NE
VC_A0596,NE,NE,0,NE
VC_A0598,n/a,NE,1,NE
VC_A0599,NE,NE,0,NE
VC_A0600,NE,NE,0,NE
VC_A0601,NE,NE,0,NE
VC_A0602,NE,NE,0,NE
VC_A0603,NE,NE,0,NE
VC_A0604,NE,NE,0,NE
VC_A0605,NE,NE,0,NE
VC_A0606,NE,NE,0,NE
VC_A0607,NE,NE,1,NE
VC_A0608,NE,NE,0,NE
VC_A0609,n/a,NE,0,NE
VC_A0610,NE,NE,0,NE
VC_A0611,n/a,NE,0,NE
VC_A0612,NE,NE,0,NE
VC_A0613,n/a,NE,1,NE
VC_A0614,NE,NE,0,NE
VC_A0615,NE,NE,0,NE
VC_A0616,E,E,1,E
VC_A0617,NE,NE,0,NE
VC_A0618,NE,NE,0,NE
VC_A0619,NE,NE,0,NE
VC_A0620,NE,NE,0,NE
VC_A0621,NE,NE,0,NE
VC_A0622,n/a,NE,0,NE
VC_A0623,NE,NE,0,NE
VC_A0624,D,S,0,S
VC_A0625,D,NE,0,NE
VC_A0626,n/a,E,1,E
VC_A0627,NE,NE,0,NE
VC_A0628,D,E,1,E
VC_A0629,NE,NE,0,NE
VC_A0630,NE,NE,0,NE
VC_A0631,NE,NE,0,NE
VC_A0632,NE,NE,0,NE
VC_A0633,NE,NE,0,NE
VC_A0634,NE,NE,0,NE
VC_A0635,NE,NE,0,NE
VC_A0636,NE,NE,0,NE
VC_A0637,NE,NE,0,NE
VC_A0638,NE,NE,0,NE
VC_A0639,NE,NE,0,NE
VC_A0640,NE,NE,0,NE
VC_A0641,NE,NE,0,NE
VC_A0642,NE,NE,0,NE
VC_A0643,NE,NE,0,NE
VC_A0644,NE,NE,0,NE
VC_A0645,NE,NE,1,NE
VC_A0646,NE,NE,0,NE
VC_A0647,NE,NE,0,NE
VC_A0648,NE,NE,0,NE
VC_A0649,NE,NE,0,NE
VC_A0650,NE,NE,0,NE
VC_A0651,NE,NE,0,NE
VC_A0652,NE,NE,0,NE
VC_A0653,NE,NE,0,NE
VC_A0654,NE,NE,0,NE
VC_A0655,NE,NE,0,NE
VC_A0656,NE,NE,0,NE
VC_A0657,NE,NE,0,NE
VC_A0658,NE,NE,0,NE
VC_A0659,NE,NE,0,NE
VC_A0660,n/a,NE,0,NE
VC_A0661,NE,NE,0,NE
VC_A0662,NE,NE,0,NE
VC_A0663,NE,NE,0,NE
VC_A0664,n/a,NE,0,NE
VC_A0665,NE,NE,0,NE
VC_A0666,NE,NE,0,NE
VC_A0667,NE,NE,0,NE
VC_A0668,n/a,NE,0,NE
VC_A0669,NE,NE,0,NE
VC_A0670,n/a,NE,1,NE
VC_A0671,D,NE,0,NE
VC_A0672,n/a,NE,0,NE
VC_A0673,NE,NE,0,NE
VC_A0674,NE,NE,0,NE
VC_A0675,NE,NE,0,NE
VC_A0676,NE,NE,0,NE
VC_A0677,NE,NE,0,NE
VC_A0678,NE,NE,0,NE
VC_A0679,NE,NE,0,NE
VC_A0680,NE,NE,0,NE
VC_A0681,NE,NE,0,NE
VC_A0682,NE,NE,0,NE
VC_A0683,NE,NE,0,NE
VC_A0684,NE,NE,0,NE
VC_A0685,NE,NE,0,NE
VC_A0686,NE,NE,0,NE
VC_A0687,NE,NE,0,NE
VC_A0688,NE,NE,0,NE
VC_A0689,NE,NE,0,NE
VC_A0690,NE,NE,0,NE
VC_A0691,NE,NE,0,NE
VC_A0692,NE,NE,0,NE
VC_A0693,NE,NE,0,NE
VC_A0694,NE,NE,0,NE
VC_A0695,NE,NE,0,NE
VC_A0696,n/a,NE,1,NE
VC_A0697,NE,NE,0,NE
VC_A0698,n/a,NE,0,NE
VC_A0699,NE,NE,0,NE
VC_A0700,NE,NE,0,NE
VC_A0701,n/a,E,1,E
VC_A0702,NE,NE,0,NE
VC_A0703,NE,NE,0,NE
VC_A0704,NE,NE,0,NE
VC_A0705,D,NE,0,NE
VC_A0706,NE,NE,0,NE
VC_A0707,NE,NE,0,NE
VC_A0708,NE,NE,0,NE
VC_A0709,NE,NE,0,NE
VC_A0710,NE,NE,0,NE
VC_A0711,NE,NE,0,NE
VC_A0712,NE,NE,0,NE
VC_A0713,n/a,NE,1,NE
VC_A0714,NE,NE,0,NE
VC_A0715,NE,NE,0,NE
VC_A0716,NE,NE,0,NE
VC_A0717,NE,NE,0,NE
VC_A0718,NE,NE,0,NE
VC_A0719,NE,NE,0,NE
VC_A0720,NE,NE,0,NE
VC_A0721,NE,NE,0,NE
VC_A0722,NE,NE,0,NE
VC_A0723,NE,NE,0,NE
VC_A0724,NE,NE,0,NE
VC_A0725,NE,NE,0,NE
VC_A0726,NE,NE,0,NE
VC_A0727,NE,NE,0,NE
VC_A0728,NE,NE,0,NE
VC_A0729,NE,NE,0,NE
VC_A0730,NE,NE,0,NE
VC_A0731,NE,NE,0,NE
VC_A0732,NE,NE,0,NE
VC_A0733,n/a,NE,1,NE
VC_A0734,NE,NE,0,NE
VC_A0735,NE,NE,0,NE
VC_A0736,NE,NE,0,NE
VC_A0737,NE,NE,0,NE
VC_A0738,NE,NE,0,NE
VC_A0739,NE,NE,0,NE
VC_A0740,NE,NE,0,NE
VC_A0741,NE,NE,1,NE
VC_A0742,n/a,NE,1,NE
VC_A0743,NE,NE,0,NE
VC_A0744,NE,NE,0,NE
VC_A0745,NE,NE,0,NE
VC_A0746,n/a,NE,0,NE
VC_A0747,NE,NE,0,NE
VC_A0748,NE,NE,0,NE
VC_A0749,NE,NE,0,NE
VC_A0750,n/a,NE,0,NE
VC_A0751,NE,NE,0,NE
VC_A0752,NE,NE,0,NE
VC_A0753,NE,NE,0,NE
VC_A0754,NE,NE,0,NE
VC_A0755,NE,NE,0,NE
VC_A0756,NE,NE,0,NE
VC_A0757,NE,NE,0,NE
VC_A0758,NE,NE,0,NE
VC_A0759,NE,NE,0,NE
VC_A0760,NE,NE,0,NE
VC_A0761,n/a,NE,0,NE
VC_A0762,NE,NE,0,NE
VC_A0763,NE,NE,0,NE
VC_A0764,NE,NE,0,NE
VC_A0765,NE,NE,0,NE
VC_A0766,NE,NE,0,NE
VC_A0767,NE,NE,0,NE
VC_A0768,NE,NE,0,NE
VC_A0769,NE,NE,0,NE
VC_A0770,n/a,NE,0,NE
VC_A0771,n/a,NE,1,NE
VC_A0772,NE,NE,0,NE
VC_A0773,NE,NE,0,NE
VC_A0774,NE,NE,0,NE
VC_A0775,n/a,NE,0,NE
VC_A0776,NE,NE,0,NE
VC_A0777,NE,NE,0,NE
VC_A0778,NE,NE,0,NE
VC_A0779,NE,NE,0,NE
VC_A0780,NE,NE,0,NE
VC_A0781,NE,NE,0,NE
VC_A0782,NE,NE,0,NE
VC_A0783,NE,NE,0,NE
VC_A0784,NE,NE,0,NE
VC_A0785,NE,NE,0,NE
VC_A0786,D,E,1,E
VC_A0787,n/a,NE,1,NE
VC_A0788,NE,NE,0,NE
VC_A0789,NE,NE,0,NE
VC_A0790,D,NE,0,NE
VC_A0791,Duplicated Gene,,,Duplicated Gene
VC_A0792,Duplicated Gene,,,Duplicated Gene
VC_A0793,NE,NE,0,NE
VC_A0794,NE,NE,0,NE
VC_A0795,NE,NE,0,NE
VC_A0796,n/a,NE,0,NE
VC_A0797,NE,NE,1,NE
VC_A0798,NE,NE,0,NE
VC_A0799,NE,NE,0,NE
VC_A0800,NE,NE,1,NE
VC_A0801,NE,NE,0,NE
VC_A0802,NE,NE,0,NE
VC_A0803,NE,NE,0,NE
VC_A0804,NE,NE,0,NE
VC_A0805,NE,NE,0,NE
VC_A0806,NE,NE,0,NE
VC_A0807,NE,NE,0,NE
VC_A0808,NE,NE,0,NE
VC_A0809,NE,NE,0,NE
VC_A0810,n/a,NE,0,NE
VC_A0811,NE,NE,0,NE
VC_A0812,NE,NE,0,NE
VC_A0813,NE,NE,0,NE
VC_A0814,NE,NE,0,NE
VC_A0815,NE,NE,0,NE
VC_A0816,n/a,NE,1,NE
VC_A0817,NE,NE,0,NE
VC_A0818,NE,NE,0,NE
VC_A0819,NE,NE,0,NE
VC_A0820,NE,NE,0,NE
VC_A0821,n/a,NE,0,NE
VC_A0822,NE,NE,0,NE
VC_A0823,NE,NE,0,NE
VC_A0824,NE,NE,0,NE
VC_A0825,NE,NE,0,NE
VC_A0826,n/a,NE,1,NE
VC_A0827,NE,NE,0,NE
VC_A0828,NE,NE,0,NE
VC_A0829,NE,NE,0,NE
VC_A0830,NE,NE,0,NE
VC_A0831,n/a,NE,0,NE
VC_A0832,NE,NE,0,NE
VC_A0833,NE,NE,0,NE
VC_A0834,D,D,0,D
VC_A0835,NE,NE,0,NE
VC_A0836,NE,NE,0,NE
VC_A0837,NE,NE,0,NE
VC_A0838,NE,NE,0,NE
VC_A0839,n/a,NE,0,NE
VC_A0840,NE,NE,0,NE
VC_A0841,n/a,NE,0,NE
VC_A0842,n/a,NE,0,NE
VC_A0843,NE,NE,0,NE
VC_A0844,n/a,NE,1,NE
VC_A0845,NE,NE,0,NE
VC_A0846,NE,NE,0,NE
VC_A0847,NE,NE,0,NE
VC_A0848,NE,NE,0,NE
VC_A0849,NE,NE,0,NE
VC_A0850,NE,NE,0,NE
VC_A0851,NE,NE,0,NE
VC_A0852,NE,NE,0,NE
VC_A0853,NE,NE,0,NE
VC_A0854,NE,NE,0,NE
VC_A0855,NE,NE,0,NE
VC_A0856,NE,NE,0,NE
VC_A0857,n/a,NE,0,NE
VC_A0858,n/a,NE,0,NE
VC_A0859,NE,NE,0,NE
VC_A0860,NE,NE,0,NE
VC_A0861,NE,NE,0,NE
VC_A0862,NE,NE,0,NE
VC_A0863,NE,NE,0,NE
VC_A0864,NE,NE,0,NE
VC_A0865,NE,NE,0,NE
VC_A0866,NE,NE,1,NE
VC_A0867,NE,NE,0,NE
VC_A0868,NE,NE,0,NE
VC_A0869,n/a,NE,0,NE
VC_A0870,D,NE,0,NE
VC_A0871,NE,NE,0,NE
VC_A0872,NE,NE,0,NE
VC_A0873,NE,NE,0,NE
VC_A0874,n/a,NE,0,NE
VC_A0875,NE,NE,0,NE
VC_A0876,D,D,0,D
VC_A0877,NE,NE,0,NE
VC_A0878,n/a,NE,0,NE
VC_A0879,n/a,D,0,D
VC_A0880,NE,NE,0,NE
VC_A0881,D,NE,0,NE
VC_A0882,NE,NE,0,NE
VC_A0883,NE,NE,0,NE
VC_A0884,NE,NE,0,NE
VC_A0885,NE,NE,0,NE
VC_A0886,NE,NE,0,NE
VC_A0887,NE,NE,0,NE
VC_A0888,NE,NE,0,NE
VC_A0889,NE,NE,0,NE
VC_A0890,NE,NE,0,NE
VC_A0891,NE,NE,0,NE
VC_A0892,NE,NE,0,NE
VC_A0893,NE,NE,0,NE
VC_A0894,NE,NE,0,NE
VC_A0895,NE,NE,0,NE
VC_A0896,NE,NE,0,NE
VC_A0897,NE,NE,0,NE
VC_A0898,NE,NE,0,NE
VC_A0899,n/a,NE,0,NE
VC_A0900,NE,NE,0,NE
VC_A0901,NE,NE,0,NE
VC_A0902,NE,NE,0,NE
VC_A0903,NE,NE,0,NE
VC_A0904,NE,NE,0,NE
VC_A0905,NE,NE,0,NE
VC_A0906,NE,NE,0,NE
VC_A0907,NE,NE,0,NE
VC_A0908,NE,NE,0,NE
VC_A0909,NE,NE,0,NE
VC_A0910,NE,NE,0,NE
VC_A0911,NE,NE,0,NE
VC_A0912,NE,NE,0,NE
VC_A0913,NE,NE,0,NE
VC_A0914,NE,NE,0,NE
VC_A0915,NE,NE,0,NE
VC_A0916,n/a,NE,0,NE
VC_A0917,NE,NE,0,NE
VC_A0918,n/a,NE,0,NE
VC_A0919,NE,NE,0,NE
VC_A0920,NE,NE,0,NE
VC_A0921,E,E,1,E
VC_A0922,NE,NE,0,NE
VC_A0923,NE,NE,0,NE
VC_A0924,NE,NE,0,NE
VC_A0925,NE,NE,0,NE
VC_A0926,NE,NE,0,NE
VC_A0927,NE,NE,0,NE
VC_A0928,NE,NE,0,NE
VC_A0929,NE,NE,0,NE
VC_A0930,NE,NE,0,NE
VC_A0931,NE,NE,0,NE
VC_A0932,n/a,NE,0,NE
VC_A0933,n/a,NE,0,NE
VC_A0934,n/a,S,1,S
VC_A0935,NE,NE,0,NE
VC_A0936,NE,NE,0,NE
VC_A0937,NE,NE,0,NE
VC_A0938,NE,NE,0,NE
VC_A0939,NE,NE,0,NE
VC_A0940,NE,NE,0,NE
VC_A0941,NE,NE,0,NE
VC_A0942,NE,NE,0,NE
VC_A0943,NE,NE,0,NE
VC_A0944,NE,NE,0,NE
VC_A0945,NE,NE,0,NE
VC_A0946,NE,NE,0,NE
VC_A0947,NE,NE,0,NE
VC_A0948,NE,NE,0,NE
VC_A0949,NE,NE,0,NE
VC_A0950,n/a,NE,0,NE
VC_A0951,NE,NE,0,NE
VC_A0952,D,S,0,S
VC_A0953,NE,NE,0,NE
VC_A0954,NE,NE,0,NE
VC_A0955,NE,NE,0,NE
VC_A0956,NE,NE,0,NE
VC_A0957,NE,NE,0,NE
VC_A0958,NE,NE,0,NE
VC_A0959,n/a,NE,1,NE
VC_A0960,NE,NE,0,NE
VC_A0961,NE,NE,0,NE
VC_A0962,NE,NE,0,NE
VC_A0963,NE,NE,0,NE
VC_A0964,NE,NE,0,NE
VC_A0965,NE,NE,0,NE
VC_A0966,NE,NE,0,NE
VC_A0967,n/a,NE,0,NE
VC_A0968,n/a,NE,0,NE
VC_A0969,NE,NE,0,NE
VC_A0970,NE,NE,0,NE
VC_A0971,NE,NE,0,NE
VC_A0972,NE,NE,0,NE
VC_A0973,n/a,NE,1,NE
VC_A0974,NE,NE,0,NE
VC_A0975,NE,NE,0,NE
VC_A0976,NE,NE,0,NE
VC_A0977,NE,NE,0,NE
VC_A0978,NE,NE,0,NE
VC_A0979,NE,NE,0,NE
VC_A0980,NE,NE,0,NE
VC_A0981,NE,NE,0,NE
VC_A0982,NE,NE,0,NE
VC_A0983,NE,NE,0,NE
VC_A0984,NE,NE,0,NE
VC_A0985,NE,NE,0,NE
VC_A0986,NE,NE,0,NE
VC_A0987,NE,NE,0,NE
VC_A0988,NE,NE,0,NE
VC_A0989,NE,NE,0,NE
VC_A0990,NE,NE,0,NE
VC_A0991,NE,NE,0,NE
VC_A0992,D,NE,1,NE
VC_A0993,NE,NE,0,NE
VC_A0994,NE,NE,0,NE
VC_A0995,n/a,NE,0,NE
VC_A0996,NE,NE,0,NE
VC_A0997,NE,NE,0,NE
VC_A0998,NE,NE,0,NE
VC_A0999,NE,NE,0,NE
VC_A1000,NE,NE,0,NE
VC_A1001,NE,NE,0,NE
VC_A1002,NE,NE,0,NE
VC_A1003,NE,NE,0,NE
VC_A1004,NE,NE,0,NE
VC_A1005,NE,NE,0,NE
VC_A1006,NE,NE,0,NE
VC_A1007,n/a,NE,0,NE
VC_A1008,NE,NE,0,NE
VC_A1009,n/a,NE,0,NE
VC_A1010,NE,NE,0,NE
VC_A1011,NE,NE,0,NE
VC_A1012,NE,NE,0,NE
VC_A1013,NE,NE,0,NE
VC_A1014,n/a,NE,0,NE
VC_A1015,NE,NE,0,NE
VC_A1016,NE,NE,0,NE
VC_A1017,NE,NE,0,NE
VC_A1018,NE,NE,0,NE
VC_A1019,NE,NE,0,NE
VC_A1020,NE,NE,0,NE
VC_A1021,NE,NE,0,NE
VC_A1022,n/a,NE,0,NE
VC_A1023,NE,NE,0,NE
VC_A1024,NE,NE,0,NE
VC_A1025,NE,NE,0,NE
VC_A1026,NE,NE,0,NE
VC_A1027,NE,NE,0,NE
VC_A1028,NE,NE,0,NE
VC_A1029,NE,NE,0,NE
VC_A1030,NE,NE,0,NE
VC_A1031,NE,NE,0,NE
VC_A1032,NE,NE,0,NE
VC_A1033,NE,NE,0,NE
VC_A1034,NE,NE,0,NE
VC_A1035,NE,NE,0,NE
VC_A1036,NE,NE,0,NE
VC_A1037,NE,NE,0,NE
VC_A1038,NE,NE,0,NE
VC_A1039,NE,NE,0,NE
VC_A1040,NE,NE,0,NE
VC_A1041,NE,NE,0,NE
VC_A1042,NE,NE,0,NE
VC_A1043,D,NE,0,NE
VC_A1044,n/a,D,1,D
VC_A1045,NE,NE,0,NE
VC_A1046,NE,NE,0,NE
VC_A1047,NE,NE,0,NE
VC_A1048,NE,NE,0,NE
VC_A1049,NE,NE,0,NE
VC_A1050,NE,NE,0,NE
VC_A1051,NE,NE,0,NE
VC_A1052,NE,NE,0,NE
VC_A1053,NE,NE,0,NE
VC_A1054,NE,NE,0,NE
VC_A1055,NE,NE,0,NE
VC_A1056,NE,NE,0,NE
VC_A1057,NE,NE,0,NE
VC_A1058,NE,NE,0,NE
VC_A1059,NE,NE,0,NE
VC_A1060,NE,NE,0,NE
VC_A1061,n/a,NE,1,NE
VC_A1062,NE,NE,0,NE
VC_A1063,NE,NE,0,NE
VC_A1064,n/a,E,1,E
VC_A1065,n/a,S,1,S
VC_A1066,NE,NE,0,NE
VC_A1067,NE,NE,0,NE
VC_A1068,NE,NE,0,NE
VC_A1069,NE,NE,0,NE
VC_A1070,n/a,NE,0,NE
VC_A1071,NE,NE,0,NE
VC_A1072,NE,NE,0,NE
VC_A1073,NE,NE,0,NE
VC_A1074,NE,NE,0,NE
VC_A1075,NE,NE,0,NE
VC_A1076,n/a,NE,1,NE
VC_A1077,NE,NE,0,NE
VC_A1078,NE,NE,0,NE
VC_A1079,E,E,1,E
VC_A1080,NE,NE,0,NE
VC_A1081,NE,NE,0,NE
VC_A1082,NE,NE,0,NE
VC_A1083,NE,NE,0,NE
VC_A1084,NE,NE,0,NE
VC_A1085,NE,NE,0,NE
VC_A1086,NE,NE,0,NE
VC_A1087,NE,NE,0,NE
VC_A1088,NE,NE,0,NE
VC_A1089,NE,NE,0,NE
VC_A1090,NE,NE,0,NE
VC_A1091,NE,NE,0,NE
VC_A1092,NE,NE,0,NE
VC_A1093,NE,NE,0,NE
VC_A1094,NE,NE,0,NE
VC_A1095,NE,NE,0,NE
VC_A1096,NE,NE,0,NE
VC_A1097,NE,NE,0,NE
VC_A1098,NE,NE,0,NE
VC_A1099,NE,NE,0,NE
VC_A1100,NE,NE,0,NE
VC_A1101,NE,NE,0,NE
VC_A1102,NE,NE,0,NE
VC_A1103,n/a,NE,0,NE
VC_A1104,NE,NE,0,NE
VC_A1105,NE,NE,0,NE
VC_A1106,NE,NE,0,NE
VC_A1107,NE,NE,0,NE
VC_A1108,NE,NE,0,NE
VC_A1109,NE,NE,0,NE
VC_A1110,NE,NE,0,NE
VC_A1111,NE,NE,0,NE
VC_A1112,NE,NE,0,NE
VC_A1113,NE,NE,0,NE
VC_A1114,D,E,1,E
VC_A1115,E,E,1,E
