name,FGN,NET,annotation,specifics,source,
VC_0007,rpmH,midnightblue,Ribosome,,,
VC_0008,tcyC,DNA_binding,Metabolism,Metabolism,,
VC_0009,patM,DNA_binding,Metabolism,Metabolism,,
VC_0010,patH,DNA_binding,Metabolism,Metabolism,,
VC_0016,VC_0016,thiamine_&_aa,Unclear,,,
VC_0024,tusA,DNA_binding,Metabolism,Metabolism,,
VC_0033,acyltransferase,DNA_binding,Unclear,Unclear,,
VC_0047,VC_0047,translation2,Competence,Unclear,Jaskolska 2018,
VC_0074,VC_0074,DNA_binding,Iron,Unclear,Davies,
VC_0093,plsB,mediumpurple3,Metabolism,,,
VC_0116,hemN,mediumpurple3,Metabolism,,,
VC_0160,VC_0160,sub17,Unclear,,,
VC_0183,VC_0183,ribosomal,Virulence,,,
VC_0191,VC_0191,ribosomal,Metabolism,,,
VC_0199,vcaM,DNA_binding,Iron,Virulence,Payne,
VC_0200,fhuA,DNA_binding,Iron,Metal Ion,Payne,
VC_0218,rpmB,ribosomal,Ribosome,,,
VC_0219,rpmG,ribosomal,Ribosome,,,
VC_0266,VC_0266,ribosomal,Unclear,,,
VC_0284,VC_0284,DNA_binding,Iron,Metal Ion,Davies,
VC_0286,gluconate permease,ribosomal,Metabolism,,,
VC_0307,rho,ribosomal,Transcription/Translation,,,
VC_0321,tufA,ribosomal,Ribosome,,,
VC_0322,secE,ribosomal,Ribosome,,Veenendaal,
VC_0323,nusG,ribosomal,RNA/DNA,,,
VC_0324,rplK,ribosomal,Ribosome,,,
VC_0325,rplA,ribosomal,Ribosome,,,
VC_0326,rplJ,ribosomal,Ribosome,,,
VC_0359,rpsL,ribosomal,Ribosome,,,
VC_0360,rpsG,ribosomal,Ribosome,,,
VC_0361,fusA,ribosomal,Ribosome,,,
VC_0366,rpsF,ribosomal,Ribosome,,,
VC_0367,priB,ribosomal,RNA/DNA,,,
VC_0368,rpsR,ribosomal,Ribosome,,,
VC_0369,rplI,ribosomal,Ribosome,,,
VC_0384,cysJ,DNA_binding,Metabolism,Metabolism,,
VC_0385,cysI,DNA_binding,Metabolism,Metabolism,,
VC_0386,cysH,DNA_binding,Metabolism,Metabolism,,
VC_0388,VC_0388,sub17,Unclear,,,
VC_0393,VC_0393,ribosomal,Metabolism,,,
VC_0397,ssb,ribosomal,Transcription/Translation,,,
VC_0435,rplU,ribosomal,Ribosome,,,
VC_0436,rpmA,ribosomal,Ribosome,,,
VC_0453,trmB,DNA_binding,Iron,Metabolism,,
VC_0474,irgB,DNA_binding,Iron,Metal Ion,Davies,
VC_0487,glmS,mediumpurple3,Metabolism,,,
VC_0517,rpoD,ribosomal,Ribosome,,,
VC_0519,VC_0519,ribosomal,Metabolism,,,
VC_0520,rpsU,ribosomal,Ribosome,,,
VC_0522,beta-ketoadipate enol-lactone hydrolase,DNA_binding,Metabolism,Metabolism,,
VC_0538,cysP,DNA_binding,Metabolism,Metabolism,,
VC_0539,cysU,DNA_binding,Metabolism,Metabolism,,
VC_0540,cysW,DNA_binding,Metabolism,Metabolism,,
VC_0541,cysA,DNA_binding,Metabolism,Metabolism,,
VC_0557,luxS,DNA_binding,Metabolism,Metabolism,,
VC_0561,rpsP,ribosomal,Ribosome,,,
VC_0562,rimM,ribosomal,Ribosome,,,
VC_0563,trmD,ribosomal,Ribosome,,,
VC_0564,rplS,ribosomal,Ribosome,,,
VC_0570,rplM,ribosomal,Ribosome,,,
VC_0571,rpsI,ribosomal,Ribosome,,,
VC_0576,sspA,ribosomal,Transcription/Translation,,,
VC_0608,fbpA,DNA_binding,Iron,Metal Ion,Davies,
VC_0613,exo I,sub16,Metabolism,,,
VC_0616,peptide ABC transporter ATP-binding,sub16,Metabolism,,,
VC_0617,peptide ABC transporter ATP-binding,sub16,Metabolism,,,
VC_0618,peptide ABC transporter permease,sub16,Metabolism,,, 
VC_0640,secG,ribosomal,Ribosome,,Veenendaal,
VC_0646,rpsO,ribosomal,Ribosome,,,
VC_0647,pnp,ribosomal,Transcription/Translation,,,
VC_0651,VC_0651,DNA_binding,Unclear,Unclear,,
VC_0654,VC_0654,DNA_binding,Unclear,Unclear,,
VC_0679,rpsT,midnightblue,Ribosome,,,
VC_0706,raiA,DNA_binding,Metabolism,Metabolism,,
VC_0769,chitinase,translation2,Competence,Metabolism,Hayes 2018,
VC_0771,vibB,DNA_binding,Iron,Metal Ion,Davies,
VC_0773,vibC,DNA_binding,Iron,Metal Ion,Davies,
VC_0774,vibA,DNA_binding,Iron,Metal Ion,Davies,
VC_0775,vibH,DNA_binding,Iron,Metal Ion,Davies,
VC_0776,viuP,DNA_binding,Iron,Metal Ion,Davies,
VC_0777,viuD,DNA_binding,Iron,Metal Ion,Davies,
VC_0778,viuG,DNA_binding,Iron,Metal Ion,Davies,
VC_0790,citB,DNA_binding,Metabolism,Metabolism,,
VC_0792,oadB,anaerobic respiration,Metabolism,,,
VC_0793,oadA,anaerobic respiration,Metabolism,,,
VC_0793m,oadA-2,anaerobic respiration,Metabolism,,,
VC_0795,citS,anaerobic respiration,Metabolism,,,
VC_0798,citE,anaerobic respiration,Metabolism,,,
VC_0799,citF,anaerobic respiration,Metabolism,,,
VC_0800,apo-citrate lyase phosphoribosyl-dephospho-CoA transferase,anaerobic respiration,Metabolism,,,
VC_0801,citG,anaerobic respiration,Metabolism,,,
VC_0810,VC_0810,VPI1,Virulence,,,
VC_0819,aldA,VPI1,Virulence,,,
VC_0820,tagA,VPI1,Virulence,,,
VC_0821,VC_0821,VPI1,Virulence,,,
VC_0822,VC_0822,VPI1,Virulence,,,
VC_0823,VC_0823,VPI1,Virulence,,,
VC_0824,tpx,VPI1,Virulence,,,
VC_0825,tcpI,VPI1,Virulence,,,
VC_0828,tcpA,VPI1,Virulence,,,
VC_0829,tcpB,VPI1,Virulence,,,
VC_0830,tcpQ,VPI1,Virulence,,,
VC_0831,tcpC,VPI1,Virulence,,,
VC_0832,tcpR,VPI1,Virulence,,,
VC_0833,tcpD,VPI1,Virulence,,,
VC_0834,tcpS,VPI1,Virulence,,,
VC_0835,tcpT,VPI1,Virulence,,,
VC_0836,tcpE,VPI1,Virulence,,,
VC_0837,tcpF,VPI1,Virulence,,,
VC_0838,tcpN,VPI1,Virulence,,,
VC_0839,tcpJ,VPI1,Virulence,,,
VC_0840,acfB,VPI1,Virulence,,,
VC_0841,acfC,VPI1,Virulence,,,
VC_0842,VC_0842,VPI1,Virulence,,,
VC_0843,TagE protein,VPI1,Virulence,,,
VC_0844,acfA,VPI1,Virulence,,,
VC_0845,acfD,VPI1,Virulence,,,
VC_0858,type IV pilin,translation2,Competence,Virulence,Seitz 2013,
VC_0859,VC_0859,translation2,Competence,Unclear,Seitz 2013,
VC_0860,VC_0860,translation2,Competence,Unclear,Seitz 2013,
VC_0861,type IV pilin,translation2,Competence,Virulence,Seitz 2013,
VC_0887,VC_0887,DNA_binding,Unclear,Unclear,,
VC_0906,metI,DNA_binding,Metabolism,Metabolism,,
VC_0907,metN,DNA_binding,Metabolism,Metabolism,,
VC_0916,vpsU,LPS_synth,Biofilm,,,
VC_0917,vpsA,LPS_synth,Biofilm,,,
VC_0918,vpsB,LPS_synth,Biofilm,,,
VC_0919,vpsC,LPS_synth,Biofilm,,,
VC_0920,vpsD,LPS_synth,Biofilm,,,
VC_0922,vpsF,mediumpurple3,Biofilm,,,
VC_0923,sat,LPS_synth,Biofilm,,,
VC_0924,vpsH,LPS_synth,Biofilm,,,
VC_0925,vpsI,LPS_synth,Biofilm,,,
VC_0926,VpsJ,VPI1,Biofilm,,,
VC_0927,vpsK,mediumpurple3,Biofilm,,,
VC_0928,rbmA,LPS_synth,Biofilm,Fong,,
VC_0929,rbmB,mediumpurple3,Biofilm,,Fong,
VC_0930,rbmC,LPS_synth,Biofilm,Fong,,
VC_0931,rbmD,mediumpurple3,Biofilm,,Fong,
VC_0932,rbmEF,LPS_synth,Biofilm,Fong,,
VC_0933,rbmEF,LPS_synth,Biofilm,Fong,,
VC_0934,vpsL,LPS_synth,Biofilm,,,
VC_0935,vpsM,LPS_synth,Biofilm,,,
VC_0937,vpsO,LPS_synth,Biofilm,,,
VC_0938,vpsP,mediumpurple3,Biofilm,,,
VC_0986,ADK,ribosomal,Transcription/Translation,,,
VC_1006,rnt,DNA_binding,Transcription/Translation,Metal Ion,NCBI,
VC_1034,udp,DNA_binding,Metabolism,Metabolism,,
VC_1073,chitinase,VPI1,Biofilm,,,
VC_1111,bioA,DNA_binding,Iron,Metal Ion,Payne,
VC_1112,bioB,DNA_binding,Iron,Metal Ion,Payne,
VC_1113,bioF,DNA_binding,Iron,Metabolism,Payne,
VC_1130,hns,LPS_synth,Virulence,,,
VC_1146,grxA,DNA_binding,Metabolism,Metabolism,,
VC_1167,tdk,mediumpurple3,Metabolism,,,
VC_1208,dsDNA-mimic,ribosomal,Unclear,,,
VC_1209,elongation factor P,midnightblue,Ribosome,,,
VC_1235,sodium/dicarboxylate symporter,DNA_binding,Iron,Metabolism,Davies,
VC_1237,cobT,mediumpurple3,Metabolism,,,
VC_1238,cobS,mediumpurple3,Metabolism,,,
VC_1239,cobU,mediumpurple3,Metabolism,,,
VC_1259,VC_1259,DNA_binding,Unclear,Unclear,,
VC_1264,irpA,DNA_binding,Iron,Metal Ion,Davies,
VC_1265,VC_1265,DNA_binding,Iron,Metal Ion,"Davies, Payne",
VC_1267,VC_1267,DNA_binding,Iron,Unclear,"Davies, Payne",
VC_1278,cosR,mediumpurple3,Biofilm,,Shikuma,
VC_1297,asnC,ribosomal,Amino Acid Synthesis,,,
VC_1299,queD,DNA_binding,Metabolism,Metabolism,KEGG,
VC_1304,"fumarate hydratase, class I",DNA_binding,Iron,Metabolism,Mey,
VC_1330,VC_1330,VPI1,Biofilm,,,
VC_1384,VC_1384,metal ions,Motility,,,
VC_1415,hcp,phosphorylation,Secretion System,,,
VC_1420,VC_1420,VPI1,T6SS,,,
VC_1425,potD,ribosomal,Metabolism,,,
VC_1432,ttcA,DNA_binding,Metabolism,Metabolism,,
VC_1451,rtxA,VPI1,Virulence,,,
VC_1456,ctxB,VPI1,Virulence,,,
VC_1457,ctxA,VPI1,Virulence,,,
VC_1488,rlmL,ribosomal,Transcription/Translation,,,
VC_1505,VC_1505,mediumpurple3,Unclear,,,
VC_1510,VC_1510,DNA_binding,Iron,Unclear,Payne,
VC_1511,formate dehydrogenase cytochrome B556 subunit,DNA_binding,Iron,Metabolism,Payne,
VC_1512,fdhB,DNA_binding,Iron,Metabolism,Payne,
VC_1513,fdhA,DNA_binding,Iron,Metabolism,Payne,
VC_1515,formate dehydrogenase-specific chaperone,DNA_binding,Iron,Metabolism,Payne,
VC_1516,(Fe-S)-binding,DNA_binding,Iron,Metal Ion,Payne,
VC_1520,ABC-F family ATPase,ribosomal,Unclear,,,
VC_1527,bifunctional molybdopterin-guanine dinucleotide biosynthesis MobB/MoeA,DNA_binding,Iron,Metabolism,Mey,
VC_1543,VC_1543,DNA_binding,Iron,Metal Ion,Davies,
VC_1544,tonB,DNA_binding,Iron,Metal Ion,Davies,
VC_1545,exbD,DNA_binding,Iron,Metal Ion,Davies,
VC_1546,exbB2,DNA_binding,Iron,Metal Ion,Davies,
VC_1547,tolR,DNA_binding,Iron,Metal Ion,Davies,
VC_1548,VC_1548,DNA_binding,Iron,Metal Ion,Davies,
VC_1584,AnkB protein,LPS_synth,Unclear,,,
VC_1585,katB,VPI1,Metabolism,,,
VC_1587,VC_1587,DNA_binding,Unclear,Unclear,,
VC_1612,pilF,translation2,Competence,Virulence,Seitz 2013,
VC_1624,VC_1624,ribosomal,Metabolism,,,
VC_1640,rplY,ribosomal,Ribosome,,,
VC_1658,sdaC,DNA_binding,Metabolism,Metabolism,,
VC_1688,mntX,DNA_binding,Iron,Metal Ion,Davies,
VC_1721,purR,ribosomal,Transcription/Translation,,,
VC_1788,VC_1788,ribosomal,Virulence,,,
VC_1806,VC_1806,LPS_synth,Virulence,,,
VC_1820,PTS subunit IIA,VPI1,Metabolism,,,
VC_1826,PTS subunit IIABC,VPI1,Metabolism,,,
VC_1828,VC_1828,thiamine_&_aa,Metabolism,Protein Metabolism,,
VC_1871,VC_1871,DNA_binding,Unclear,Unclear,,
VC_1888,vah3,mediumpurple3,Biofilm,,Moorthy,
VC_1915,rpsA,ribosomal,Ribosome,,,
VC_1923,tig,ribosomal,Ribosome,,Hoffman,
VC_1937,VC_1937,mediumpurple3,Unclear,,,
VC_1944,pvcB,VPI1,Virulence,,,
VC_1945,VC_1945,LPS_synth,Virulence,,,
VC_1947,LysR family transcriptional regulator,LPS_synth,Virulence,,,
VC_1949,pyoverdine biosynthesis protein PvcA,LPS_synth,Virulence,Virulence,,
VC_1950,torZ,DNA_binding,Metabolism,Metabolism,UniProt,
VC_1951,torY,DNA_binding,Metabolism,Metabolism,UniProt,
VC_1970,benzoate transport,ribosomal,Metabolism,,,
VC_2004,VC_2004,DNA_binding,Iron,Unclear,Davies,
VC_2025,rpmF,midnightblue,Ribosome,,,
VC_2026,VC_2026,midnightblue,Unclear,,,
VC_2037,mleN,thiamine_&_aa,Metabolism,Metal Ion,,
VC_2093,VC_2093,DNA_binding,Unclear,Unclear,,
VC_2128,flagellar hook-length control protein FliK,metal ions,Motility,,,
VC_2185,engD,ribosomal,Transcription/Translation,,,
VC_2190,flgL,metal ions,Motility,,,
VC_2192,flgJ,metal ions,Motility,,,
VC_2193,flgI,metal ions,Motility,,,
VC_2194,flgH,metal ions,Motility,,,
VC_2195,flgG,metal ions,Motility,,,
VC_2197,flgE,metal ions,Motility,,,
VC_2198,flgD,metal ions,Motility,,,
VC_2199,flgC,metal ions,Motility,,,
VC_2209,nonTranscription/Translation peptide synthetase VibF(vibF),DNA_binding,Iron,Metal Ion,Davies,
VC_2210,viuB,DNA_binding,Iron,Metal Ion,Davies,
VC_2211,viuA,DNA_binding,Iron,Metal Ion,Davies,
VC_2217,chb,ribosomal,Metabolism,,,
VC_2223,rluF,ribosomal,Transcription/Translation,,,
VC_2249,fabZ,ribosomal,Metabolism,,,
VC_2257,frr,ribosomal,Transcription/Translation,,,
VC_2259,tsf,ribosomal,Ribosome,,,
VC_2260,rpsB,ribosomal,Ribosome,,,
VC_2267,nusB,ribosomal,RNA/DNA,,,
VC_2268,ribE,DNA_binding,Metabolism,Metabolism,KEGG,
VC_2311,HesA/MoeB/ThiF family,DNA_binding,Metabolism,Metabolism,,
VC_2323,TehAVc,ribosomal,Virulence,,,
VC_2333,Transcription/Translation S6 modification-like,DNA_binding,Transcription/Translation,Metal Ion,UniProt,
VC_2342,fusA,ribosomal,Transcription/Translation,,,
VC_2361,grcA,DNA_binding,Iron,Metal Ion,Mey,
VC_2387,VC_2387,VPI1,Unclear,,,
VC_2388,VC_2388,mediumpurple3,Unclear,,,
VC_2423,pilA,translation2,Competence,Virulence,Seitz 2013,
VC_2424,pilB,translation2,Competence,Virulence,Seitz 2013,
VC_2425,pilC,translation2,Competence,Virulence,Seitz 2013,
VC_2441,VC_2441,ribosomal,Unclear,,,
VC_2495,VC_2495,sub17,Unclear,,,
VC_2538,thiamine transporter membrane(thiP),DNA_binding,Metabolism,Metabolism,,
VC_2556,VC_2556,ribosomal,Unclear,,,
VC_2558,cysC,DNA_binding,Metabolism,Metabolism,,
VC_2559,cysN,DNA_binding,Metabolism,Metabolism,,
VC_2560,cysD,DNA_binding,Metabolism,Metabolism,,
VC_2561,sumT,DNA_binding,Metabolism,Metal Ion,KEGG,
VC_2570,rplQ,ribosomal,Ribosome,,,
VC_2571,rpoA,ribosomal,Ribosome,,,
VC_2572,rpsD,ribosomal,Ribosome,,,
VC_2573,rpsK,ribosomal,Ribosome,,,
VC_2574,rpsM,ribosomal,Ribosome,,,
VC_2575,rpmJ,ribosomal,Ribosome,,,
VC_2576,secY,ribosomal,Ribosome,,Veenendaal,
VC_2577,rplO,ribosomal,Ribosome,,,
VC_2578,rpmD,ribosomal,Ribosome,,,
VC_2579,rpsE,ribosomal,Ribosome,,,
VC_2580,rplR,ribosomal,Ribosome,,,
VC_2581,rplF,ribosomal,Ribosome,,,
VC_2582,rpsH,ribosomal,Ribosome,,,
VC_2583,rpsN,ribosomal,Ribosome,,,
VC_2584,rplE,ribosomal,Ribosome,,,
VC_2585,rplX,ribosomal,Ribosome,,,
VC_2586,rplN,midnightblue,Ribosome,,,
VC_2587,rpsQ,ribosomal,Ribosome,,,
VC_2588,rpmC,ribosomal,Ribosome,,,
VC_2589,rplP,ribosomal,Ribosome,,,
VC_2590,rpsC,ribosomal,Ribosome,,,
VC_2591,rplV,ribosomal,Ribosome,,,
VC_2592,rpsS,ribosomal,Ribosome,,,
VC_2593,rplB,ribosomal,Ribosome,,,
VC_2594,rplW,ribosomal,Ribosome,,,
VC_2595,rplD,ribosomal,Ribosome,,,
VC_2596,rplC,ribosomal,Ribosome,,,
VC_2597,rpsJ,ribosomal,Ribosome,,,
VC_2630,fimbrial assembly protein,translation2,Competence,Virulence,Seitz 2013,
VC_2631,fimbrial assembly protein PilP,translation2,Competence,Virulence,Seitz 2013,
VC_2632,fimbrial assembly protein PilO,translation2,Competence,Virulence,Seitz 2013,
VC_2633,fimbrial assembly protein PilN,translation2,Competence,Virulence,Seitz 2013,
VC_2634,fimbrial assembly protein PilM,translation2,Competence,Virulence,Seitz 2013,
VC_2656,frdA,DNA_binding,Iron,Metabolism,Mey,
VC_2657,frdB,DNA_binding,Iron,Metal Ion,Mey,
VC_2658,frdC,DNA_binding,Iron,Metabolism,Mey,
VC_2659,frdD,DNA_binding,Iron,Metabolism,Mey,
VC_2679,rpmE,ribosomal,Ribosome,,,
VC_2685,metF,DNA_binding,Metabolism,Metabolism,,
VC_2694,sodA,DNA_binding,Iron,Metal Ion,Davies,
VC_2698,ASPA,DNA_binding,Metabolism,Metabolism,,
VC_2700,pulA,ribosomal,Metabolism,,,
VC_2706,VC_2706,DNA_binding,Metabolism,Metabolism,,
VC_2708,gmk,DNA_binding,Metabolism,Metabolism,,
VC_2713,envZ,ribosomal,Metabolism,Osmotic Stress,,
VC_2739,VC_2739,ribosomal,Unclear,,,
VC_2747,VC_2747,translation2,Unclear,Unclear,,
VC_2752,VC_2752,sub17,Unclear,,,
VC_2755,hemG,mediumpurple3,Metabolism,,,
VC_2756,trkH,mediumpurple3,Metabolism,,,
VC_2770,atpB,ribosomal,Metabolism,,,
VC_A0005,VC_A0005,DNA_binding,Unclear,Unclear,,
VC_A0016,glgB,DNA_binding,Metabolism,Metabolism,,
VC_A0017,hcp,phosphorylation,Secretion System,,,
VC_A0036,sstT,DNA_binding,Metabolism,Metabolism,,
VC_A0045,VC_A0045,ribosomal,Unclear,,,
VC_A0063,ptrB,DNA_binding,Iron,Metabolism,Davies,
VC_A0068,MACP,DNA_binding,Metabolism,Metabolism,,
VC_A0094,VC_A0094,VPI1,Unclear,,,
VC_A0095,VC_A0095,LPS_synth,Unclear,UV resistance,,
VC_A0096,VC_A0096,LPS_synth,Unclear,,,
VC_A0107,vipA,phosphorylation,Secretion System,,,
VC_A0108,vipB,phosphorylation,Secretion System,,,
VC_A0109,VC_A0109,phosphorylation,Secretion System,,,
VC_A0110,vasA,phosphorylation,Secretion System,,,
VC_A0111,tssG,phosphorylation,Secretion System,,,
VC_A0112,VC_A0112,phosphorylation,Secretion System,,,
VC_A0113,VC_A0113,phosphorylation,Secretion System,,,
VC_A0114,VC_A0114,phosphorylation,Secretion System,,,
VC_A0115,VC_A0115,phosphorylation,Secretion System,,,
VC_A0116,clpB,phosphorylation,Secretion System,,,
VC_A0117,vasH,phosphorylation,Secretion System,,,
VC_A0118,vasI,phosphorylation,Secretion System,,,
VC_A0119,impA,phosphorylation,Secretion System,,,
VC_A0120,IcmF-like protein,phosphorylation,Secretion System,,,
VC_A0136,glpQ,transferase,Metabolism,,,
VC_A0150,def,DNA_binding,Transcription/Translation,Metal Ion,NCBI,
VC_A0165,diguanylate cyclase,translation2,Biofilm,HGT,Massie 2012,
VC_A0180,pepT,DNA_binding,Transcription/Translation,Metal Ion,NCBI,
VC_A0193,Na+/H+ antiporter,DNA_binding,Metabolism,Metabolism,,
VC_A0227,vctP,DNA_binding,Iron,Metal Ion,Payne,
VC_A0228,vctD,DNA_binding,Iron,Metal Ion,Payne,
VC_A0229,vctG,DNA_binding,Iron,Metal Ion,Payne,
VC_A0230,vctC,DNA_binding,Iron,Metal Ion,Payne,
VC_A0231,AraC family transcriptional regulator,DNA_binding,Iron,Metabolism,Davies,
VC_A0232,vctA,DNA_binding,Iron,Metal Ion,Davies,
VC_A0233,VC_A0233,DNA_binding,Iron,Unclear,"Davies, Payne",
VC_A0255,VC_A0255,ribosomal,Unclear,,,
VC_A0288,infC,ribosomal,Transcription/Translation,,,
VC_A0289,rpmI,ribosomal,Ribosome,,,
VC_A0290,rplT,ribosomal,Ribosome,,,
VC_A0293,VC_A0293,ribosomal,Unclear,,,
VC_A0370,VC_A0370,ribosomal,Unclear,,,
VC_A0405,VC_A0405,sub15,Unclear,,,
VC_A0410,VC_A0410,sub15,Unclear,,,
VC_A0413,VC_A0413,sub15,Unclear,,,
VC_A0419,VC_A0419,sub15,Unclear,,,
VC_A0511,nrdD,DNA_binding,Metabolism,Metabolism,,
VC_A0554,oxalate/formate antiporter,DNA_binding,Metabolism,Metabolism,,
VC_A0576,hutA,DNA_binding,Iron,Metal Ion,Davies,
VC_A0582,VC_A0582,DNA_binding,Unclear,Unclear,,
VC_A0610,elbB,DNA_binding,Unclear,Unclear,,
VC_A0653,scrA,mediumpurple3,Metabolism,,,
VC_A0657,glpD,transferase,Metabolism,,,
VC_A0676,(Fe-S)-binding,signaling,Metabolism,,,
VC_A0677,nitrate reductase assembly NapD,signaling,Metabolism,,,
VC_A0678,napA,signaling,Metabolism,,,
VC_A0679,napB,signaling,Metabolism,,,
VC_A0680,napC,signaling,Metabolism,,,
VC_A0747,glpA,transferase,Metabolism,,,
VC_A0748,anaerobic glycerol-3-phosphate dehydrogenase subunit B,transferase,Metabolism,,,
VC_A0749,glpc,transferase,Metabolism,,,
VC_A0805,rnb,ribosomal,Transcription/Translation,,,
VC_A0849,VC_A0849,mediumpurple3,Biofilm,,Karatan,
VC_A0874,VC_A0874,VPI1,Virulence,HNS,,
VC_A0908,hutX,DNA_binding,Iron,Metal Ion,Davies,
VC_A0909,phuW,DNA_binding,Iron,Metal Ion,Davies,
VC_A0910,tonB,DNA_binding,Iron,Metal Ion,Davies,
VC_A0911,exbB,DNA_binding,Iron,Metal Ion,Davies,
VC_A0912,exbD1,DNA_binding,Iron,Metal Ion,Davies,
VC_A0913,hemin ABC transporter substrate-binding HutB,DNA_binding,Iron,Metal Ion,Davies,
VC_A0914,hmuU,DNA_binding,Iron,Metal Ion,Davies,
VC_A0915,hmuV,DNA_binding,Iron,Metal Ion,Davies,
VC_A0952,vpsT,LPS_synth,Biofilm,,,
VC_A0976,VC_A0976,DNA_binding,Iron,Unclear,Davies,
VC_A0977,ABC transporter ATP-binding,DNA_binding,Iron,Unclear,Davies,
VC_A1002,AzlC family,ribosomal,Metabolism,,,
VC_A1005,ohrR,DNA_binding,Virulence,Virulence,,
VC_A1031,VC_A1031,mediumpurple3,Unclear,,,
VC_A1035,VC_A1035,midnightblue,Unclear,,,
VC_A1059,VC_A1059,DNA_binding,Transcription/Translation,Transcription/Translation,,
VC_A1062,potE,VPI1,Metabolism,,,
VC_A1066,VC_A1066,ribosomal,Unclear,,,
VC_At1,tRNA-Gly-8,salmon,tRNA,,,
VC_At2,tRNA-Cys-2,salmon,tRNA,,,
VC_At3,tRNA-Leu-12,salmon,tRNA,,,
VC_At4,tRNA-Cys-3,salmon,tRNA,,,
VC_r001,16Sa,darkslateblue,rRNA,,,
VC_r002,23Sa,darkslateblue,rRNA,,,
VC_r003,5Sa,darkslateblue,rRNA,,,
VC_r004,16Sb,darkslateblue,rRNA,,,
VC_r005,23Sb,darkslateblue,rRNA,,,
VC_r006,5Sb,darkslateblue,rRNA,,,
VC_r007,16Sc,darkslateblue,rRNA,,,
VC_r008,23Sc,darkslateblue,rRNA,,,
VC_r009,5Sc,darkslateblue,rRNA,,,
VC_r010,16Sd,darkslateblue,rRNA,,,
VC_r011,23Sd,darkslateblue,rRNA,,,
VC_r012,5Sd,darkslateblue,rRNA,,,
VC_r013,16Se,darkslateblue,rRNA,,,
VC_r014,23Se,darkslateblue,rRNA,,,
VC_r015,5Se,darkslateblue,rRNA,,,
VC_r016,5Sf,darkslateblue,rRNA,,,
VC_r017,23Sf,darkslateblue,rRNA,,,
VC_r018,16Sf,darkslateblue,rRNA,,,
VC_r019,5Sg,darkslateblue,rRNA,,,
VC_r020,23Sg,darkslateblue,rRNA,,,
VC_r021,16Sg,darkslateblue,rRNA,,,
VC_r022,5Sh,darkslateblue,rRNA,,,
VC_r023,23Sh,darkslateblue,rRNA,,,
VC_r024,16Sh,darkslateblue,rRNA,,,
VC_r025,VC_r025,darkslateblue,rRNA,,,
VC_t001,tRNA-Ala-5,salmon,tRNA,,,
VC_t002,tRNA-Asp-4,salmon,tRNA,,,
VC_t003,tRNA-Trp-1,salmon,tRNA,,,
VC_t004,tRNA-Glu-1,salmon,tRNA,,,
VC_t006,tRNA-Arg-1,salmon,tRNA,,,
VC_t007,tRNA-His-1,salmon,tRNA,,,
VC_t009,tRNA-His-2,salmon,tRNA,,,
VC_t010,tRNA-Pro-2,salmon,tRNA,,,
VC_t011,tRNA-Ile-2,salmon,tRNA,,,
VC_t013,tRNA-Asp-2,salmon,tRNA,,,
VC_t014,tRNA-Thr-2,salmon,tRNA,,,
VC_t015,tRNA-Tyr-1,salmon,tRNA,,,
VC_t016,tRNA-Gly-3,salmon,tRNA,,,
VC_t017,tRNA-Thr-3,salmon,tRNA,,,
VC_t018,tRNA-Gly-4,salmon,tRNA,,,
VC_t019,tRNA-Gly-5,salmon,tRNA,,,
VC_t020,tRNA-Gly-6,salmon,tRNA,,,
VC_t021,tRNA-Met-4,salmon,tRNA,,,
VC_t022,tRNA-Gly-7,salmon,tRNA,,,
VC_t023,tRNA-Met-5,salmon,tRNA,,,
VC_t024,tRNA-Met-6,salmon,tRNA,,,
VC_t025,tRNA-Met-7,salmon,tRNA,,,
VC_t026,tRNA-Ile-3,salmon,tRNA,,,
VC_t028,tRNA-Asp-3,salmon,tRNA,,,
VC_t029,tRNA-Asn-2,salmon,tRNA,,,
VC_t030,tRNA-Thr-4,salmon,tRNA,,,
VC_t031,tRNA-Asn-3,salmon,tRNA,,,
VC_t032,tRNA-Thr-5,salmon,tRNA,,,
VC_t033,tRNA-Phe-1,salmon,tRNA,,,
VC_t034,tRNA-Asn-4,salmon,tRNA,,,
VC_t035,tRNA-Phe-2,salmon,tRNA,,,
VC_t036,tRNA-Thr-6,salmon,tRNA,,,
VC_t037,tRNA-Phe-3,salmon,tRNA,,,
VC_t038,tRNA-Met-8,salmon,tRNA,,,
VC_t039,tRNA-Ser-4,salmon,tRNA,,,
VC_t041,tRNA-Ser-5,salmon,tRNA,,,
VC_t042,tRNA-Arg-4,salmon,tRNA,,,
VC_t043,tRNA-Arg-5,salmon,tRNA,,,
VC_t044,tRNA-Arg-6,salmon,tRNA,,,
VC_t045,tRNA-Arg-7,salmon,tRNA,,,
VC_t046,tRNA-Arg-8,salmon,tRNA,,,
VC_t047,tRNA-Leu-11,salmon,tRNA,,,
VC_t048,tRNA-Met-9,salmon,tRNA,,,
VC_t049,tRNA-Glu-4,salmon,tRNA,,,
VC_t050,tRNA-Asp-5,salmon,tRNA,,,
VC_t051,tRNA-Tyr-2,salmon,tRNA,,,
VC_t052,tRNA-Tyr-3,salmon,tRNA,,,
VC_t053,tRNA-Tyr-4,salmon,tRNA,,,
VC_t054,tRNA-Tyr-5,salmon,tRNA,,,
VC_t055,tRNA-Asn-1,salmon,tRNA,,,
VC_t056,tRNA-Cys-1,salmon,tRNA,,,
VC_t057,tRNA-Gly-1,salmon,tRNA,,,
VC_t058,tRNA-Leu-1,salmon,tRNA,,,
VC_t059,tRNA-Gly-2,salmon,tRNA,,,
VC_t060,tRNA-Val-1,salmon,tRNA,,,
VC_t061,tRNA-Val-2,salmon,tRNA,,,
VC_t062,tRNA-Ser-2,salmon,tRNA,,,
VC_t063,tRNA-Arg-2,salmon,tRNA,,,
VC_t064,tRNA-Pro-3,salmon,tRNA,,,
VC_t066,tRNA-Met-1,salmon,tRNA,,,
VC_t067,tRNA-Leu-2,salmon,tRNA,,,
VC_t068,tRNA-Leu-3,salmon,tRNA,,,
VC_t069,tRNA-Gln-1,salmon,tRNA,,,
VC_t070,tRNA-Met-2,salmon,tRNA,,,
VC_t071,tRNA-Leu-4,salmon,tRNA,,,
VC_t072,tRNA-Gln-2,salmon,tRNA,,,
VC_t073,tRNA-Leu-5,salmon,tRNA,,,
VC_t074,tRNA-Gln-3,salmon,tRNA,,,
VC_t075,tRNA-Leu-6,salmon,tRNA,,,
VC_t076,tRNA-Met-3,salmon,tRNA,,,
VC_t077,tRNA-Leu-7,salmon,tRNA,,,
VC_t078,tRNA-Gln-4,salmon,tRNA,,,
VC_t079,tRNA-Leu-8,salmon,tRNA,,,
VC_t080,tRNA-Gln-5,salmon,tRNA,,,
VC_t081,tRNA-Leu-9,salmon,tRNA,,,
VC_t082,tRNA-Pro-4,salmon,tRNA,,,
VC_t083,tRNA-Thr-1,salmon,tRNA,,,
VC_t084,tRNA-Ala-1,salmon,tRNA,,,
VC_t085,tRNA-Ile-1,salmon,tRNA,,,
VC_t086,tRNA-Leu-10,salmon,tRNA,,,
VC_t087,tRNA-Asp-1,salmon,tRNA,,,
VC_t089,tRNA-Val-3,salmon,tRNA,,,
VC_t091,tRNA-Glu-2,salmon,tRNA,,,
VC_t092,tRNA-Val-4,salmon,tRNA,,,
VC_t094,tRNA-Glu-3,salmon,tRNA,,,
VIBCH10775,VIBCH10775,VPI1,Unclear,,,
VIBCH11745,VIBCH11745,VPI1,Unclear,,,
VIBCH12004,VIBCH12004,mediumpurple3,Unclear,,,
VIBCH12131,VIBCH12131,DNA_binding,Unclear,Unclear,,
VC_2316,argA,grey60,Amino Acid Synthesis,,,
VC_2643,argB,grey60,Amino Acid Synthesis,,,
VC_2644,argC,grey60,Amino Acid Synthesis,,,
VC_2645,argE,grey60,Amino Acid Synthesis,,,
VC_2642,argG,grey60,Amino Acid Synthesis,,,
VC_2641,argH,grey60,Amino Acid Synthesis,,,
VC_2508,argI,grey60,Amino Acid Synthesis,,,
VC_1732,aroA,grey60,Amino Acid Synthesis,,,
VC_2116,aroC,grey60,Amino Acid Synthesis,,,
VC_A1036,aroG,grey60,Amino Acid Synthesis,,,
VC_0991,asnB,grey60,Amino Acid Synthesis,,,
VC_0019,avtA,grey60,Amino Acid Synthesis,,,
VC_2391,dapB,grey60,Amino Acid Synthesis,,,
VC_0478,fbaA,grey60,Amino Acid Synthesis,,,
VC_0715,frp,grey60,Metabolism,,,
VC_2000,gapA,grey60,Amino Acid Synthesis,,,
VC_2746,glnA,grey60,Amino Acid Synthesis,,,
VC_2373,gltA,grey60,Amino Acid Synthesis,,,
VC_2374,gltD,grey60,Amino Acid Synthesis,,,
VC_0941,glyA,grey60,Amino Acid Synthesis,,,
VC_1137,hisA,grey60,Amino Acid Synthesis,,,
VC_1135,hisB,grey60,Amino Acid Synthesis,,,
VC_1134,hisC,grey60,Amino Acid Synthesis,,,
VC_1133,hisD,grey60,Amino Acid Synthesis,,,
VC_1138,hisF,grey60,Amino Acid Synthesis,,,
VC_1132,hisG,grey60,Amino Acid Synthesis,,,
VC_1136,hisH,grey60,Amino Acid Synthesis,,,
VC_1139,hisI,grey60,Amino Acid Synthesis,,,
VC_0027,ilvA,grey60,Amino Acid Synthesis,,,
VC_0162,ilvC,grey60,Amino Acid Synthesis,,,
VC_0028,ilvD,grey60,Amino Acid Synthesis,,,
VC_0029,ilvE,grey60,Amino Acid Synthesis,,,
VC_0031,ilvG,grey60,Amino Acid Synthesis,,,
VC_2483,ilvI,grey60,Amino Acid Synthesis,,,
VC_0030,ilvM,grey60,Amino Acid Synthesis,,,
VC_0516,intA,grey60,Virulence,,,
VC_2490,leuA,grey60,Amino Acid Synthesis,,,
VC_2491,leuB,grey60,Amino Acid Synthesis,,,
VC_2492,leuC,grey60,Amino Acid Synthesis,,,
VC_2493,leuD,grey60,Amino Acid Synthesis,,,
VC_0391,lysC,grey60,Amino Acid Synthesis,,,
VC_0905,metQ,grey60,Amino Acid Synthesis,,,
VC_1037,mrp,grey60,Metabolism,,,
VC_A1079,pdxH,grey60,Metabolism,,,
VC_0705,pheA,grey60,Amino Acid Synthesis,,,
VC_A0563,pntA,grey60,Metabolism,,,
VC_2646,ppc,grey60,Metabolism,,,
VC_0965,ptsI,grey60,Metabolism,,,
VC_1992,purU,grey60,Metabolism,,,
VC_0878,rpmE,grey60,Ribosome,,,
VC_0879,rpmJ,grey60,Ribosome,,,
VC_0150,rpoH,grey60,RNA/DNA,,,
VC_2366,rraA,grey60,Metabolism,,,
VC_2481,serA,grey60,Amino Acid Synthesis,,,
VC_A0947,speG,grey60,Amino Acid Synthesis,,,
VC_0667,tas,grey60,Metabolism,,,
VC_2539,thiB,grey60,Metabolism,,,
VC_0061,thiC,grey60,Metabolism,,,
VC_1296,thiD,grey60,Metabolism,,,
VC_0062,thiE,grey60,Metabolism,,,
VC_0063,thiF,grey60,Metabolism,,,
VC_0065,thiG,grey60,Metabolism,,,
VC_0066,thiH,grey60,Metabolism,,,
VC_0064,thiS,grey60,Metabolism,,,
VC_2364,thrA,grey60,Metabolism,,,
VC_2363,thrB,grey60,Metabolism,,,
VC_2362,thrC,grey60,Metabolism,,,
VC_1170,trpB,grey60,Amino Acid Synthesis,,,
VC_1171,trpCF,grey60,Amino Acid Synthesis,,,
VC_1172,trpD,grey60,Amino Acid Synthesis,,,
VC_1174,trpE,grey60,Amino Acid Synthesis,,,
VC_1173,trpG,grey60,Amino Acid Synthesis,,,
VC_0696,tyrA,grey60,Amino Acid Synthesis,,,
VC_A0513,tyrB,grey60,Amino Acid Synthesis,,,
VC_0457,VC_0457,grey60,Unclear,,,
VC_1048,VC_1048,grey60,Metabolism,,,
VC_2365,VC_2365,grey60,Unclear,,,
VC_A0225,VC_A0225,grey60,Amino Acid Synthesis,,,
VC_A0581,VC_A0581,grey60,Unclear,,,
VC_2552,zrgA,grey60,Metabolism,,,
VC_2551,zrgD,grey60,Metabolism,,,
VC_0383 ,VC_0383 ,lightgreen,Unclear,,,